,,,,
Date,Headline (m/m),Core (m/m),Regulated Items (m/m),Fruits and Vegetables (m/m)
Jan 2026,1.200%,1.200%,0.400%,3.700%
Dec 2025,0.200%,0.200%,0.600%,-1.600%
Nov 2025,0.300%,0.800%,2.300%,-11.700%
Oct 2025,1.800%,2.000%,0.200%,5.000%
Sep 2025,1.800%,1.500%,0.300%,11.000%
Aug 2025,0.400%,0.100%,0.200%,4.800%
Jul 2025,-0.500%,-0.300%,2.100%,-11.500%
Jun 2025,-0.100%,-0.200%,0.600%,-1.800%
May 2025,1.900%,1.600%,1.100%,7.000%
Apr 2025,1.300%,1.200%,4.000%,-5.500%
Mar 2025,1.650%,0.870%,0.020%,17.900%
Feb 2025,1.390%,1.630%,2.600%,-5.680%
Jan 2025,1.510%,1.690%,1.140%,0.660%
Dec 2024,0.210%,0.910%,0.780%,-9.060%
Nov 2024,0.520%,0.420%,3.800%,-7.580%
Oct 2024,1.104%,1.303%,1.330%,-1.420%
Sep 2024,2.081%,0.962%,2.789%,11.897%
Aug 2024,2.052%,0.938%,2.948%,12.344%
Jul 2024,0.395%,-0.490%,0.253%,12.778%
Jun 2024,1.579%,1.304%,3.255%,-0.634%
May 2024,-0.685%,-0.789%,0.090%,-1.980%
Apr 2024,1.059%,0.309%,3.710%,2.090%
Mar 2024,0.954%,1.428%,0.390%,-3.200%
Feb 2024,11.374%,13.242%,6.140%,6.210%
Jan 2024,1.600%,2.222%,2.200%,-6.890%
Dec 2023,1.413%,1.313%,0.390%,5.720%
Nov 2023,1.312%,0.981%,4.640%,-4.600%
Oct 2023,1.000%,1.800%,0.120%,-4.280%
Sep 2023,2.000%,1.100%,0.470%,16.720%
Aug 2023,1.586%,0.338%,1.450%,19.230%
Jul 2023,1.864%,1.319%,2.540%,7.190%
Jun 2023,2.083%,1.695%,4.060%,0.260%
May 2023,2.723%,2.858%,2.810%,0.510%
Apr 2023,1.670%,1.716%,1.529%,1.533%
Mar 2023,2.743%,2.540%,1.283%,11.686%
Feb 2023,6.531%,8.117%,0.338%,9.242%
Jan 2023,4.65%,6.32%,0.321%,-0.584%
Dec 2022,2.059%,2.582%,0.268%,2.483%
Nov 2022,2.285%,2.651%,0.703%,4.194%
Oct 2022,2.581%,2.964%,0.870%,5.069%
Sep 2022,1.547%,1.554%,0.888%,4.707%
Aug 2022,0.881%,0.591%,0.676%,6.664%
Jul 2022,1.305%,1.510%,2.140%,-5.826%
Jun 2022,-0.146%,1.196%,0.247%,-18.084%
May 2022,1.058%,1.589%,2.61%,-10.063%
Apr 2022,3.28%,2.402%,0.443%,27.602%
Mar 2022,2.176%,3.093%,0.385%,-1.884%
Feb 2022,1.608%,1.164%,0.176%,15.165%
Jan 2022,0.854%,0.817%,0.704%,2.142%
Dec 2021,-0.083%,0.175%,0.343%,-5.677%
Nov 2021,0.147%,0.533%,1.342%,-9.707%
Oct 2021,1.502%,2.077%,1.341%,-4.574%
Sep 2021,1.141%,0.401%,0.113%,15.825%
Aug 2021,0.07%,-0.288%,0.192%,4.546%
Jul 2021,0.873%,0.574%,2.272%,-1.425%
Jun 2021,0.184%,0.111%,1.334%,-3.866%
May 2021,0.685%,0.334%,0.129%,8.371%
Apr 2021,0.888%,0.675%,0.417%,6.482%
Mar 2021,0.63%,0.451%,0.018%,6.797%
Feb 2021,0.151%,0.254%,0.396%,-2.734%
Jan 2021,-0.426%,0.532%,0.022%,-15.08%
Dec 2020,-0.407%,0.007%,-0.014%,-7.098%
Nov 2020,0.821%,-0.008%,-0.02%,16.764%
Oct 2020,1.801%,1.715%,2.578%,-0.6%
Sep 2020,0.289%,0.093%,0.954%,-0.005%
Aug 2020,-0.153%,-0.248%,0.81%,-3.107%
Jul 2020,0.38%,-0.117%,2.542%,-2.087%
Jun 2020,0.088%,-0.31%,0.753%,2.697%
May 2020,-0.014%,0.255%,0.105%,-4.045%
Apr 2020,1.252%,1.007%,-0.06%,10.761%
Mar 2020,0.609%,0.424%,1.303%,0.148%
Feb 2020,-0.012%,0.246%,0.001%,-3.652%
Jan 2020,0.666%,0.693%,0.17%,2.497%
Dec 2019,-0.153%,0.217%,-1.459%,0.533%
Nov 2019,-0.301%,-0.135%,0.092%,-4.253%
Oct 2019,0.996%,1.103%,1.998%,-4.442%
Sep 2019,-0.027%,-2.26%,2.508%,0.178%
Aug 2019,0.655%,-0.361%,0.422%,5.202%
Jul 2019,1.756%,0.112%,6.09%,3.574%
Jun 2019,-0.798%,0.272%,0.093%,-6.158%
May 2019,1.117%,1.241%,0.527%,1.296%
Apr 2019,0.497%,0.363%,0.054%,1.57%
Mar 2019,0.827%,0.453%,0.068%,3.329%
Feb 2019,1.742%,0.981%,0.017%,7.408%
Jan 2019,0.603%,0.409%,0.059%,2.213%
Dec 2018,-3.39%,-0.037%,0.11%,-19.488%
Nov 2018,-0.765%,0.461%,0.03%,-5.799%
Oct 2018,2.591%,0.984%,1.983%,9.25%
Sep 2018,2.531%,-0.064%,0.206%,16.79%
Aug 2018,1.782%,0.584%,1.138%,8.284%
Jul 2018,2.428%,0.58%,5.014%,8.184%
Jun 2018,3.475%,1.622%,9.547%,5.092%
May 2018,0.166%,1.502%,0.944%,-7.178%
Apr 2018,1.517%,1.125%,0.082%,5.32%
Mar 2018,0.993%,0.703%,0%,3.811%
Feb 2018,0.286%,0.394%,0%,0.114%
Jan 2018,-0.06%,0.166%,0.463%,-1.881%
Dec 2017,-0.211%,-0.37%,0%,0.313%
Nov 2017,0.968%,1.311%,2.641%,-2.771%
Oct 2017,1.104%,0.703%,2.846%,0.931%
Sep 2017,1.001%,0.192%,2.407%,3.327%
Aug 2017,1.132%,0.315%,3.012%,3.023%
Jul 2017,3.217%,2.762%,6.098%,2.135%
Jun 2017,0.818%,1.797%,0%,-3.012%
May 2017,1.673%,1.986%,0%,2.107%
Apr 2017,1.692%,1.099%,0%,6.872%
Mar 2017,1.954%,0.969%,1.728%,7.669%
Feb 2017,2.628%,2.61%,0.631%,5.507%
Jan 2017,4.065%,4.995%,0.732%,3.642%
Dec 2016,3.126%,4.351%,0.092%,0.889%
Nov 2016,4.85%,5.333%,5.341%,1.649%
Oct 2016,1.7%,2.812%,1.211%,-3.102%
Sep 2016,1.249%,1.395%,1.905%,-0.307%
Aug 2016,1.926%,0.611%,4.604%,5.052%
Jul 2016,0.741%,0.246%,0.361%,3.841%
Jun 2016,0.777%,0.735%,0%,2.071%
May 2016,3.048%,3.151%,2.183%,3.713%
Apr 2016,1.265%,1.242%,0%,3.222%
Mar 2016,1.437%,1.618%,0.583%,1.705%
Feb 2016,0.965%,0.883%,1.189%,1.087%
Jan 2016,0.111%,0.983%,0%,-4.228%
Dec 2015,-0.089%,0.1%,0%,-1.172%
Nov 2015,-0.298%,0.957%,0.029%,-6.632%
Oct 2015,2.171%,1.229%,1.265%,8.158%
Sep 2015,2.475%,0.787%,0%,16.236%
Aug 2015,0.629%,-0.228%,0.148%,6.771%
Jul 2015,0.714%,0.302%,2.499%,0.287%
Jun 2015,-0.699%,0.611%,0%,-9.109%
May 2015,1.189%,0.651%,0.08%,6.156%
Apr 2015,0.109%,0.228%,-3.777%,6.295%
Mar 2015,1.545%,0.757%,2.11%,5.688%
Feb 2015,1.859%,1.1%,3.309%,4.319%
Jan 2015,0.987%,0.521%,2.502%,1.392%
Dec 2014,-0.072%,0.296%,0.177%,-2.957%
Nov 2014,-1.535%,-0.152%,0%,-12.022%
Oct 2014,1.713%,0.546%,3.397%,6.187%
Sep 2014,1.227%,0.844%,1.204%,3.693%
Aug 2014,1.092%,0.602%,0.516%,5.341%
Jul 2014,3.513%,1.791%,8.616%,6.818%
Jun 2014,0.838%,0.677%,0%,3.465%
May 2014,-0.734%,-0.232%,1.287%,-7.328%
Apr 2014,0.599%,0.248%,0%,4.023%
Mar 2014,0.684%,0.697%,0%,1.763%
Feb 2014,1.028%,1.019%,2.904%,-1.959%
Jan 2014,1.42%,1.11%,-0.786%,7.537%
Dec 2013,-1.017%,0.407%,-1.741%,-9.115%
Nov 2013,0.946%,0.464%,2.605%,1.448%
Oct 2013,1.06%,1.173%,1.724%,-0.711%
Sep 2013,1.569%,1.696%,0.626%,2.25%
Aug 2013,0.682%,0.141%,0.271%,5.051%
Jul 2013,0.864%,1.043%,0%,1.106%
Jun 2013,0.877%,0.767%,-0.883%,4.812%
May 2013,-0.157%,0%,0%,-1.533%
Apr 2013,1.471%,0.974%,0.503%,6.969%
Mar 2013,0.637%,0.508%,0%,2.845%
Feb 2013,2.499%,2.855%,1.106%,2.537%
Jan 2013,1.687%,1.311%,1.955%,4.067%
Dec 2012,0.15%,0.44%,0.747%,-3.157%
Nov 2012,-1.312%,-0.255%,-0.913%,-9.208%
Oct 2012,0.786%,1.179%,4.46%,-7.387%
Sep 2012,1.2%,-0.305%,1.964%,10.269%
Aug 2012,1.172%,0.228%,0%,10.525%
Jul 2012,0.384%,0.579%,-0.258%,0.108%
Jun 2012,-0.552%,0.281%,0%,-7.325%
May 2012,-0.237%,-0.524%,-0.615%,2.508%
Apr 2012,0.981%,0.557%,-0.994%,8.115%
Mar 2012,1.218%,1.119%,1.046%,2.327%
Feb 2012,0.665%,0.517%,0.497%,2.186%
Jan 2012,0.145%,0.549%,-0.959%,-0.797%
Dec 2011,-0.24%,0.211%,0%,-4.093%
Nov 2011,1.004%,0.168%,3.646%,2.38%
Oct 2011,0.331%,0.401%,1.483%,-2.305%
Sep 2011,1.434%,1.135%,-0.743%,8.185%
Aug 2011,1.102%,1.18%,0%,2.741%
Jul 2011,1.198%,1.24%,1.634%,-0.022%
Jun 2011,0.416%,0.454%,1.661%,-2.3%
May 2011,0.204%,0.537%,1.416%,-4.485%
Apr 2011,1.212%,0.847%,0.211%,5.988%
Mar 2011,1.368%,-0.165%,-0.323%,19.599%
Feb 2011,0.125%,0.113%,0.37%,-0.333%
Jan 2011,1.020%,0.7403%,0.00%,6.259%
Dec 2010,-0.679%,0.182%,0.514%,-10.791%
Nov 2010,-0.815%,0.692%,0%,-13.622%
Oct 2010,1.37%,0.728%,3.161%,2.922%
Sep 2010,1.689%,0.224%,0%,18.718%
Aug 2010,2.853%,2.818%,0%,10.206%
Jul 2010,2.507%,1.454%,5.379%,6.099%
Jun 2010,0.423%,0.341%,0.271%,1.644%
May 2010,0.453%,0.491%,0.013%,1.187%
Apr 2010,0.678%,0.636%,0%,2.884%
Mar 2010,0.661%,0.727%,0%,1.721%
Feb 2010,0.197%,0.328%,-0.688%,1.181%
Jan 2010,0.556%,0.654%,1.01%,-1.669%
Dec 2009,-0.7643%,-0.4687%,0%,-5.614%
Nov 2009,-0.069%,-0.075%,0.235%,-0.752%
Oct 2009,1.324%,0.252%,3.394%,7.44%
Sep 2009,1.657%,0.751%,0.036%,17.785%
Aug 2009,1.5%,0.714%,0.024%,8.695%
Jul 2009,2.2%,1.152%,0%,13.41%
Jun 2009,0.45%,0.312%,0.834%,0.695%
May 2009,1.21%,0.527%,0%,7.826%
Apr 2009,1.69%,1.103%,0.06%,9.134%
Mar 2009,1.234%,0.636%,0.137%,8.14%
Feb 2009,1.083%,0.903%,0%,4.865%
Jan 2009,0.457%,0.478%,0.958%,-0.515%
Dec 2008,-1.299%,-0.759%,0%,-7.82%
Nov 2008,-0.1%,-0.103%,0.449%,-0.096%
Oct 2008,-0.1%,0.117%,1.009%,-3.32%
Sep 2008,0.264%,0.554%,0.975%,-3.021%
Aug 2008,2.403%,2.119%,0%,9.243%
Jul 2008,2.245%,1.756%,1.761%,7.021%
Jun 2008,0.611%,0.891%,1.306%,-2.845%
May 2008,2.678%,2.192%,4.318%,3.14%
Apr 2008,2.055%,1.891%,1.216%,4.997%
Mar 2008,2.458%,2.843%,0%,4.568%
Feb 2008,1.82%,1.849%,0%,5.506%
Jan 2008,3.963%,4.608%,2.041%,3.235%
Dec 2007,0.426%,0.784%,0.108%,-1.133%
Nov 2007,-0.097%,0.527%,0.178%,-4.715%
Oct 2007,0.986%,0.674%,4.05%,-4.094%
Sep 2007,1.354%,0.666%,0.019%,9.147%
Aug 2007,1.08%,1.36%,0.819%,-0.078%
Jul 2007,1.021%,0.63%,2.234%,0.603%
Jun 2007,0.16%,0.496%,0.473%,-2.666%
May 2007,-0.195%,0.386%,0.002%,-4.09%
Apr 2007,0.36%,-0.147%,0%,4.349%
Mar 2007,0.411%,-0.134%,0.028%,4.915%
Feb 2007,0.268%,0.108%,0.001%,1.999%
Jan 2007,0.561%,0.781%,0.374%,-0.421%
Dec 2006,0.309%,0.116%,0%,2.397%
Nov 2006,0.47%,0.205%,0.704%,1.673%
Oct 2006,2.687%,2.29%,0.33%,12.448%
Sep 2006,1.07%,1.119%,0.007%,3.875%
Aug 2006,0.667%,0.287%,3.081%,-3.287%
Jul 2006,1.412%,0.64%,4.373%,-0.841%
Jun 2006,1.612%,3.093%,0.936%,-6.548%
May 2006,1.303%,1.773%,0%,1.459%
Apr 2006,1.371%,0.334%,3.444%,3.248%
Mar 2006,0.24%,-0.351%,0.686%,3.263%
Feb 2006,0.115%,-0.136%,0.093%,1.979%
Jan 2006,0.5%,0.859%,0.37%,-1.686%
Dec 2005,0.108%,0.078%,0.037%,0.507%
Nov 2005,0.174%,0.026%,0%,1.684%
Oct 2005,0.608%,0.223%,0.493%,3.776%
Sep 2005,0.442%,0.12%,-0.028%,4.247%
Aug 2005,0.208%,0.076%,0%,1.835%
Jul 2005,0.359%,0.125%,0.085%,3.065%
Jun 2005,-0.207%,0.172%,0.002%,-3.741%
May 2005,0.425%,0.394%,0%,1.902%
Apr 2005,0.652%,0.69%,0.051%,2.121%
Mar 2005,0.534%,0.537%,0.102%,1.803%
Feb 2005,-0.441%,0.034%,0.006%,-5.356%
Jan 2005,0.234%,0.014%,1.766%,-2.298%
,,,,
,,,,
"​1/ Source: Central Agency for Public Mobilization and Statistics (CAPMAS), and CBE calculations.",,,,
2/ Monthly and annual Data from January 2005 to December 2007 are based on the 1999/2000 Household Expenditure Survey,,,,
     Monthly Data from January 2008 to August 2009 are based on the 2004/2005 Household Expenditure Survey.,,,,
     Monthly Data from September 2009 to Present are based on the 2008/2009 Household Expenditure Survey.,,,,
     Annual Data from January 2008 to July 2010 are based on the 2004/2005 Household Expenditure Survey.,,,,
     Annual Data from August 2010 to Present are based on the 2008/2009 Household Expenditure Survey.,,,,
"     Monthly and annual Data from September 2019 are based on the 2017/2018 Household Income, Expenditure, and Consumption Survey (HIECS) as a start of the 10th CPI series. To link the 10th CPI series with the 9th CPI series, which used January 2010 as a base period and weights derived from the 2008/2009 HIECS, CAPMAS rescaled the CPI indices until August 2019 to the new base period of 2018/2019.",,,,
"3/ Core CPI excludes from the headline CPI regulated items and the most volatile food items, namely fruits & vegetables.",,,,
"    For more information on Core CPI, consult the CBE's publication ""The Core Inflation Measure"", published October 25, 2009.",,,,
"4/ Fruits & Vegetables do not include pulses, dried fruits, and processed vegetables which are part of the Core CPI.",,,,
