"Date","Price","Open","High","Low","Vol.","Change %"
"03/18/2026","32.50","32.03","32.59","31.81","926.56K","1.47%"
"03/17/2026","32.03","32.50","33.28","31.70","4.40M","-1.96%"
"03/16/2026","32.67","33.75","34.09","32.51","2.57M","-3.34%"
"03/15/2026","33.80","31.80","34.40","31.80","7.14M","6.62%"
"03/12/2026","31.70","30.85","31.90","30.67","4.99M","3.93%"
"03/11/2026","30.50","30.14","30.90","30.14","1.48M","1.63%"
"03/10/2026","30.01","30.78","30.78","29.50","2.44M","-3.16%"
"03/09/2026","30.99","31.01","32.16","30.33","8.17M","1.61%"
"03/08/2026","30.50","29.50","31.00","29.50","12.48M","7.02%"
"03/05/2026","28.50","28.71","28.80","27.95","3.41M","-0.84%"
"03/04/2026","28.74","28.70","29.55","28.50","7.88M","0.49%"
"03/03/2026","28.60","26.62","28.70","26.11","7.47M","7.00%"
"03/02/2026","26.73","26.82","27.08","26.51","1.25M","-0.26%"
"03/01/2026","26.80","26.16","26.85","25.51","2.15M","-1.58%"
"02/26/2026","27.23","26.98","27.55","26.77","3.09M","1.57%"
"02/25/2026","26.81","27.65","27.75","26.67","2.37M","-2.62%"
"02/24/2026","27.53","27.71","28.09","27.26","1.96M","-0.29%"
"02/23/2026","27.61","27.50","27.90","27.30","1.97M","1.14%"
"02/22/2026","27.30","27.92","28.17","27.04","2.29M","-1.80%"
"02/19/2026","27.80","28.93","29.19","27.80","3.02M","-3.91%"
"02/18/2026","28.93","28.40","29.40","28.36","7.35M","2.12%"
"02/17/2026","28.33","27.82","28.58","27.70","7.27M","1.98%"
"02/16/2026","27.78","27.81","28.65","27.77","15.48M","0.22%"
"02/15/2026","27.72","26.87","27.80","26.85","7.00M","3.63%"
"02/12/2026","26.75","26.96","27.00","26.71","3.94M","-0.93%"
"02/11/2026","27.00","27.10","27.24","26.73","6.21M","0.00%"
"02/10/2026","27.00","26.83","27.25","26.70","10.46M","1.05%"
"02/09/2026","26.72","26.50","27.20","26.25","16.26M","1.33%"
"02/08/2026","26.37","24.76","26.37","24.75","30.12M","8.07%"
"02/05/2026","24.40","24.26","24.50","24.10","3.95M","0.62%"
"02/04/2026","24.25","24.45","24.45","24.20","3.20M","-0.82%"
"02/03/2026","24.45","24.18","24.55","24.16","3.51M","1.12%"
"02/02/2026","24.18","24.30","24.40","24.10","2.07M","-0.29%"
"02/01/2026","24.25","23.70","24.25","23.55","1.52M","2.32%"
"01/28/2026","23.70","24.00","24.22","23.52","1.72M","-0.84%"
"01/27/2026","23.90","24.35","24.38","23.85","1.95M","-1.85%"
"01/26/2026","24.35","24.50","24.55","24.11","5.08M","-0.41%"
"01/25/2026","24.45","24.68","24.78","24.26","3.98M","1.49%"
"01/22/2026","24.09","23.05","24.09","23.05","4.57M","4.60%"
"01/21/2026","23.03","22.90","23.14","22.90","1.23M","0.57%"
"01/20/2026","22.90","22.99","23.11","22.87","1.83M","0.17%"
"01/19/2026","22.86","22.99","23.10","22.82","2.76M","-0.04%"
"01/18/2026","22.87","22.95","23.11","22.83","393.54K","0.31%"
"01/15/2026","22.80","23.10","23.24","22.70","1.03M","-1.13%"
"01/14/2026","23.06","23.35","23.50","22.92","1.20M","-0.82%"
"01/13/2026","23.25","23.78","23.85","23.23","1.64M","-1.82%"
"01/12/2026","23.68","23.88","24.27","23.67","4.78M","-0.71%"
"01/11/2026","23.85","23.79","23.92","23.70","689.65K","0.63%"
"01/08/2026","23.70","23.70","23.90","23.65","1.11M","0.25%"
"01/06/2026","23.64","23.71","23.82","23.53","1.41M","-0.08%"
"01/05/2026","23.66","24.12","24.20","23.65","1.52M","-1.83%"
"01/04/2026","24.10","24.30","24.45","24.08","601.80K","-0.50%"
"12/31/2025","24.22","24.13","24.36","24.07","1.44M","0.62%"
"12/30/2025","24.07","24.22","24.26","24.07","674.11K","-0.54%"
"12/29/2025","24.20","24.29","24.30","24.17","661.56K","-0.25%"
"12/28/2025","24.26","24.35","24.43","24.22","452.08K","-0.12%"
"12/25/2025","24.29","24.24","24.32","24.16","606.79K","0.58%"
"12/24/2025","24.15","24.29","24.34","24.14","895.86K","-0.12%"
"12/23/2025","24.18","24.37","24.44","24.13","1.28M","-0.74%"
"12/22/2025","24.36","24.43","24.54","24.35","655.57K","-0.20%"
"12/21/2025","24.41","24.52","24.62","24.40","418.75K","-0.37%"
"12/18/2025","24.50","24.50","24.68","24.45","2.06M","0.29%"
"12/17/2025","24.43","24.65","24.80","24.43","934.52K","-1.09%"
"12/16/2025","24.70","24.62","24.87","24.49","2.22M","0.32%"
"12/15/2025","24.62","24.80","24.87","24.60","729.69K","-0.36%"
"12/14/2025","24.71","24.60","24.85","24.57","1.27M","0.45%"
"12/11/2025","24.60","24.60","24.70","24.50","3.43M","0.20%"
"12/10/2025","24.55","24.56","24.70","24.47","963.49K","0.00%"
"12/09/2025","24.55","24.49","24.88","24.44","2.63M","0.37%"
"12/08/2025","24.46","24.20","24.46","24.11","1.56M","1.07%"
"12/07/2025","24.20","24.42","24.45","24.01","777.73K","-0.33%"
"12/04/2025","24.28","24.45","24.47","24.20","912.28K","-0.12%"
"12/03/2025","24.31","24.30","24.41","24.21","1.06M","0.16%"
"12/02/2025","24.27","24.24","24.41","24.20","560.11K","0.29%"
"12/01/2025","24.20","24.15","24.41","24.11","1.56M","0.29%"
"11/30/2025","24.13","24.14","24.24","23.97","1.34M","0.12%"
"11/27/2025","24.10","24.21","24.30","24.00","1.20M","-0.45%"
"11/26/2025","24.21","24.30","24.43","24.20","978.07K","-0.33%"
"11/25/2025","24.29","24.62","24.72","24.25","5.33M","-1.30%"
"11/24/2025","24.61","25.00","25.00","24.59","947.06K","-0.97%"
"11/23/2025","24.85","24.72","24.90","24.71","671.30K","0.61%"
"11/20/2025","24.70","24.89","25.05","24.70","929.50K","-0.44%"
"11/19/2025","24.81","24.90","25.10","24.75","701.82K","-0.28%"
"11/18/2025","24.88","25.19","25.20","24.86","1.31M","-0.60%"
"11/17/2025","25.03","25.41","25.50","24.93","2.75M","-1.46%"
"11/16/2025","25.40","25.80","25.94","25.19","2.19M","-1.55%"
"11/13/2025","25.80","25.83","25.94","25.76","1.62M","0.00%"
"11/12/2025","25.80","25.60","25.88","25.55","3.15M","0.78%"
"11/11/2025","25.60","25.30","25.61","25.20","1.31M","1.39%"
"11/10/2025","25.25","25.32","25.50","25.00","1.84M","-0.59%"
"11/09/2025","25.40","25.11","25.40","25.04","3.57M","1.60%"
"11/06/2025","25.00","25.53","25.53","25.00","2.56M","-2.08%"
"11/05/2025","25.53","25.81","25.99","25.20","1.80M","-1.08%"
"11/04/2025","25.81","26.03","26.18","25.70","2.54M","-0.73%"
"11/03/2025","26.00","26.01","26.13","25.82","1.58M","0.08%"
"11/02/2025","25.98","26.35","26.36","25.79","1.30M","-0.61%"
"10/30/2025","26.14","25.98","26.40","25.80","3.37M","1.16%"
"10/29/2025","25.84","25.90","26.03","25.39","909.47K","-0.39%"
"10/28/2025","25.94","26.35","26.40","25.88","2.14M","-1.41%"
"10/27/2025","26.31","26.30","26.50","26.26","2.77M","0.19%"
"10/26/2025","26.26","26.23","26.50","26.18","2.23M","0.42%"
"10/23/2025","26.15","26.10","26.35","26.07","2.35M","0.58%"
"10/22/2025","26.00","25.90","26.15","25.80","1.92M","0.42%"
"10/21/2025","25.89","26.00","26.07","25.70","1.31M","-0.08%"
"10/20/2025","25.91","26.11","26.20","25.83","3.13M","-0.73%"
"10/19/2025","26.10","25.95","26.16","25.81","3.43M","0.69%"
"10/16/2025","25.92","25.51","25.97","25.46","4.42M","1.65%"
"10/15/2025","25.50","25.75","25.89","25.47","1.65M","-0.78%"
"10/14/2025","25.70","25.35","25.87","25.30","3.58M","1.94%"
"10/13/2025","25.21","25.25","25.44","25.17","2.31M","0.04%"
"10/12/2025","25.20","25.00","25.39","24.80","2.03M","0.56%"
"10/08/2025","25.06","25.10","25.25","24.85","2.69M","-0.32%"
"10/07/2025","25.14","25.18","25.28","25.00","1.19M","-0.16%"
"10/06/2025","25.18","25.40","25.50","25.15","1.46M","-0.59%"
"10/05/2025","25.33","24.79","25.45","24.79","4.10M","2.22%"
"10/02/2025","24.78","24.86","24.88","24.72","295.85K","-0.40%"
"10/01/2025","24.88","24.85","25.19","24.82","1.41M","0.24%"
"09/30/2025","24.82","24.70","24.89","24.60","1.63M","0.49%"
"09/29/2025","24.70","24.70","24.90","24.51","1.65M","0.41%"
"09/28/2025","24.60","24.15","24.65","24.15","1.85M","2.20%"
"09/25/2025","24.07","24.20","24.30","24.01","317.41K","-0.45%"
"09/24/2025","24.18","23.81","24.40","23.81","627.67K","1.60%"
"09/23/2025","23.80","23.92","24.14","23.80","437.94K","-0.79%"
"09/22/2025","23.99","23.92","24.10","23.80","360.00K","0.33%"
"09/21/2025","23.91","24.00","24.18","23.70","888.70K","0.08%"
"09/18/2025","23.89","23.86","24.25","23.84","364.03K","0.13%"
"09/17/2025","23.86","23.91","24.00","23.78","387.40K","-0.21%"
"09/16/2025","23.91","24.35","24.89","23.77","698.11K","-1.65%"
"09/15/2025","24.31","24.39","24.60","24.13","896.84K","0.12%"
"09/14/2025","24.28","24.01","24.45","23.96","707.09K","1.34%"
"09/11/2025","23.96","24.00","24.17","23.92","283.23K","-0.17%"
"09/10/2025","24.00","23.84","24.00","23.50","606.95K","1.01%"
"09/09/2025","23.76","24.05","24.20","23.70","661.97K","-0.92%"
"09/08/2025","23.98","23.98","24.10","23.85","454.36K","-0.12%"
"09/07/2025","24.01","24.02","24.27","23.96","623.80K","-0.37%"
"09/03/2025","24.10","24.30","24.44","24.01","434.96K","-0.66%"
"09/02/2025","24.26","24.33","24.55","24.26","531.35K","-0.29%"
"09/01/2025","24.33","24.40","24.55","24.02","509.36K","0.08%"
"08/31/2025","24.31","25.00","25.05","24.20","1.24M","-2.72%"
"08/28/2025","24.99","25.09","25.30","24.89","628.93K","-0.32%"
"08/27/2025","25.07","25.30","25.40","25.05","838.94K","-1.07%"
"08/26/2025","25.34","25.54","25.65","25.28","2.10M","-0.71%"
"08/25/2025","25.52","25.60","25.77","25.52","2.01M","-0.23%"
"08/24/2025","25.58","25.00","25.62","24.95","4.43M","2.69%"
"08/21/2025","24.91","24.70","25.05","24.46","1.68M","1.22%"
"08/20/2025","24.61","25.00","25.19","24.60","1.12M","-1.60%"
"08/19/2025","25.01","24.89","25.05","24.76","2.07M","0.56%"
"08/18/2025","24.87","24.46","24.98","24.30","3.49M","2.43%"
"08/17/2025","24.28","23.90","24.38","23.90","899.11K","1.68%"
"08/14/2025","23.88","24.29","24.35","23.88","683.87K","-1.20%"
"08/13/2025","24.17","23.90","24.33","23.80","2.29M","1.51%"
"08/12/2025","23.81","23.72","23.93","23.68","708.64K","0.46%"
"08/11/2025","23.70","23.73","24.10","23.65","1.11M","0.00%"
"08/10/2025","23.70","23.80","23.95","23.60","714.65K","-0.38%"
"08/07/2025","23.79","23.80","23.95","23.71","845.29K","-0.04%"
"08/06/2025","23.80","24.04","24.17","23.71","896.59K","-0.75%"
"08/05/2025","23.98","23.30","24.24","23.30","3.22M","3.36%"
"08/04/2025","23.20","23.10","23.39","23.01","477.18K","0.83%"
"08/03/2025","23.01","23.10","23.12","22.89","436.50K","0.00%"
"07/31/2025","23.01","22.93","23.13","22.84","486.05K","0.92%"
"07/30/2025","22.80","23.17","23.32","22.80","798.92K","-1.30%"
"07/29/2025","23.10","23.15","23.45","23.00","887.58K","0.30%"
"07/28/2025","23.03","23.21","23.65","23.03","1.42M","-0.69%"
"07/27/2025","23.19","23.65","23.70","23.08","3.23M","-1.53%"
"07/23/2025","23.55","24.80","24.80","23.30","2.65M","-3.37%"
"07/22/2025","24.37","24.39","24.58","24.35","375.69K","0.20%"
"07/21/2025","24.32","24.68","24.72","24.32","1.03M","-0.97%"
"07/20/2025","24.56","24.56","24.96","24.39","1.58M","0.82%"
"07/17/2025","24.36","24.56","24.73","23.80","1.13M","-0.70%"
"07/16/2025","24.53","24.73","24.84","24.49","501.53K","-0.81%"
"07/15/2025","24.73","25.02","25.02","24.56","555.56K","-0.19%"
"07/14/2025","24.78","24.70","24.92","24.55","462.72K","0.89%"
"07/13/2025","24.56","25.42","25.42","24.51","1.15M","-3.01%"
"07/10/2025","25.32","24.85","25.51","24.85","2.11M","1.92%"
"07/09/2025","24.85","24.61","25.11","24.42","1.12M","0.77%"
"07/07/2025","24.66","23.95","24.75","23.90","1.37M","3.43%"
"07/06/2025","23.84","23.90","23.94","23.77","664.15K","0.16%"
"07/02/2025","23.80","23.80","23.93","23.66","635.02K","0.40%"
"07/01/2025","23.70","24.29","24.30","23.67","678.97K","-2.92%"
"06/30/2025","24.42","24.38","24.48","23.88","705.12K","0.20%"
"06/29/2025","24.37","24.47","24.66","24.23","824.73K","0.39%"
"06/25/2025","24.28","24.04","24.45","23.66","1.39M","2.37%"
"06/24/2025","23.71","23.66","23.89","23.32","1.17M","2.26%"
"06/23/2025","23.19","23.13","23.26","23.07","550.99K","0.50%"
"06/22/2025","23.08","22.47","23.09","21.90","511.33K","2.28%"
"06/19/2025","22.56","23.24","23.42","22.56","792.00K","-2.91%"
"06/18/2025","23.24","23.19","23.40","22.98","824.54K","0.21%"
"06/17/2025","23.19","23.45","23.98","23.13","2.22M","-0.37%"
"06/16/2025","23.28","23.42","23.75","23.23","608.54K","-0.57%"
"06/15/2025","23.41","23.57","23.61","22.51","1.08M","-4.32%"
"06/12/2025","24.47","25.27","25.27","24.47","1.43M","-3.20%"
"06/11/2025","25.27","25.58","25.66","25.27","2.24M","-0.19%"
"06/10/2025","25.32","24.94","25.39","24.94","1.82M","1.88%"
"06/04/2025","24.86","25.04","25.13","24.72","1.61M","1.36%"
"06/03/2025","24.52","24.54","24.61","24.42","507.81K","0.43%"
"06/02/2025","24.42","24.42","24.64","24.37","315.58K","0.16%"
"06/01/2025","24.38","24.64","24.70","24.37","747.61K","-0.85%"
"05/29/2025","24.59","25.00","25.11","24.52","825.93K","-1.60%"
"05/28/2025","24.99","24.60","25.22","24.58","2.21M","2.14%"
"05/27/2025","24.47","24.51","24.55","24.18","785.77K","0.00%"
"05/26/2025","24.47","24.53","24.65","24.39","721.54K","-0.35%"
"05/25/2025","24.55","24.63","24.83","24.42","613.52K","-0.04%"
"05/22/2025","24.56","24.29","24.66","23.70","4.26M","1.18%"
"05/21/2025","24.28","24.29","24.42","23.81","1.61M","0.87%"
"05/20/2025","24.07","24.99","24.99","24.04","2.31M","-2.96%"
"05/19/2025","24.80","25.42","25.47","24.71","2.45M","-2.43%"
"05/18/2025","25.42","25.54","25.54","25.32","1.70M","-0.63%"
"05/15/2025","25.58","25.50","25.65","25.41","395.35K","0.49%"
"05/14/2025","25.46","25.42","25.47","25.35","349.77K","0.26%"
"05/13/2025","25.39","25.69","25.78","25.27","957.09K","-1.15%"
"05/12/2025","25.68","25.88","25.89","25.66","621.22K","-0.37%"
"05/11/2025","25.78","26.02","26.04","25.75","724.80K","-0.40%"
"05/08/2025","25.88","26.00","26.11","25.70","638.43K","-0.66%"
"05/07/2025","26.06","26.28","26.36","25.96","592.79K","-0.87%"
"05/06/2025","26.28","26.46","26.46","26.23","434.12K","0.04%"
"05/05/2025","26.27","26.47","26.61","26.27","2.87M","-0.65%"
"05/04/2025","26.45","26.37","26.57","26.37","461.37K","0.29%"
"04/30/2025","26.37","26.38","26.51","26.29","346.11K","0.11%"
"04/29/2025","26.34","26.70","26.70","26.32","880.76K","-1.00%"
"04/28/2025","26.61","26.89","27.03","26.56","1.22M","-1.06%"
"04/27/2025","26.89","26.52","26.89","26.37","968.59K","-3.94%"
"04/23/2025","28.00","28.07","28.14","27.89","845.64K","0.07%"
"04/22/2025","27.98","28.04","28.14","27.94","557.22K","0.31%"
"04/17/2025","27.89","27.86","27.96","27.61","322.93K","0.07%"
"04/16/2025","27.87","28.05","28.27","27.87","270.61K","-0.75%"
"04/15/2025","28.08","27.65","28.11","27.65","1.52M","2.08%"
"04/14/2025","27.51","27.41","27.60","27.27","295.38K","0.14%"
"04/13/2025","27.47","27.13","27.47","27.04","337.36K","1.80%"
"04/10/2025","26.99","27.32","27.32","26.68","485.45K","2.68%"
"04/09/2025","26.28","27.42","27.58","26.28","802.98K","-3.63%"
"04/08/2025","27.27","27.46","27.54","27.20","712.47K","0.03%"
"04/07/2025","27.26","26.92","27.61","26.51","716.22K","1.38%"
"04/06/2025","26.89","27.04","27.44","26.65","757.44K","-4.01%"
"04/03/2025","28.02","27.74","28.03","27.65","233.28K","0.82%"
"03/27/2025","27.79","27.66","27.81","27.58","369.53K","0.66%"
"03/26/2025","27.61","27.61","27.70","27.41","630.14K","0.14%"
"03/25/2025","27.57","28.08","28.08","27.37","1.02M","-1.63%"
"03/24/2025","28.03","28.31","28.53","28.02","568.59K","-0.74%"
"03/23/2025","28.24","28.22","28.41","28.18","377.70K","0.20%"
"03/20/2025","28.18","28.36","28.44","28.15","395.88K","-0.40%"
"03/19/2025","28.29","28.45","28.56","28.27","510.97K","-0.57%"
"03/18/2025","28.45","28.32","28.62","28.27","596.44K","0.61%"
"03/17/2025","28.28","28.77","28.77","28.28","1.23M","-1.46%"
"03/16/2025","28.70","28.96","29.12","28.64","402.33K","-0.85%"
"03/13/2025","28.95","29.05","29.13","28.75","811.73K","0.40%"
"03/12/2025","28.83","28.73","28.86","28.46","444.74K","0.17%"
"03/11/2025","28.79","28.38","28.84","28.10","436.44K","1.14%"
"03/10/2025","28.46","28.41","28.64","28.08","401.09K","0.67%"
"03/09/2025","28.27","28.84","28.84","28.08","1.13M","-1.36%"
"03/06/2025","28.66","28.83","28.93","28.57","526.99K","-0.59%"
"03/05/2025","28.83","28.86","28.93","28.59","360.86K","-0.07%"
"03/04/2025","28.85","29.32","29.40","28.56","935.87K","-1.85%"
"03/03/2025","29.40","29.61","29.75","29.20","554.53K","-0.71%"
"03/02/2025","29.61","28.94","29.61","28.70","671.13K","3.29%"
"02/27/2025","28.66","28.75","29.23","28.56","1.02M","-0.13%"
"02/26/2025","28.70","29.13","29.18","28.70","608.21K","-1.44%"
"02/25/2025","29.12","29.55","29.61","29.03","568.89K","-1.45%"
"02/24/2025","29.55","29.73","29.80","29.42","700.17K","-0.51%"
"02/23/2025","29.70","30.41","30.41","29.56","1.08M","-2.56%"
"02/20/2025","30.48","29.91","30.65","29.42","2.58M","1.97%"
"02/19/2025","29.89","30.18","30.63","29.89","1.85M","-0.63%"
"02/18/2025","30.08","28.88","30.37","28.80","5.29M","4.15%"
"02/17/2025","28.88","28.92","28.99","28.71","447.64K","0.20%"
"02/16/2025","28.83","28.58","28.88","28.58","801.98K","1.14%"
"02/13/2025","28.50","28.63","28.74","28.46","268.95K","-0.20%"
"02/12/2025","28.56","28.75","28.75","28.14","575.02K","-0.50%"
"02/11/2025","28.70","28.95","28.97","28.69","554.55K","-0.63%"
"02/10/2025","28.88","28.84","29.03","28.78","437.96K","0.13%"
"02/09/2025","28.84","28.93","29.41","28.75","757.91K","0.46%"
"02/06/2025","28.71","28.82","28.88","28.66","731.96K","0.20%"
"02/05/2025","28.65","28.83","28.98","28.64","392.02K","-0.59%"
"02/04/2025","28.83","28.75","29.13","28.69","1.54M","0.46%"
"02/03/2025","28.69","29.23","29.23","28.65","647.41K","-1.47%"
"02/02/2025","29.12","29.91","29.91","28.99","859.46K","-1.32%"
"01/30/2025","29.51","30.28","30.28","29.49","1.53M","-2.42%"
"01/29/2025","30.24","30.07","30.30","30.02","485.97K","0.63%"
"01/28/2025","30.05","30.03","30.38","30.01","1.09M","0.16%"
"01/27/2025","30.01","30.39","30.74","29.89","7.80M","-0.57%"
"01/26/2025","30.18","30.52","30.75","30.09","465.25K","-1.09%"
"01/23/2025","30.51","30.94","31.09","30.49","274.30K","-1.38%"
"01/22/2025","30.94","31.31","31.61","30.94","363.40K","-1.22%"
"01/21/2025","31.32","30.56","31.32","30.48","558.49K","2.27%"
"01/20/2025","30.62","30.80","31.02","30.56","222.69K","-0.49%"
"01/19/2025","30.78","31.03","31.13","30.70","382.96K","-0.86%"
"01/16/2025","31.04","31.23","31.73","30.99","1.81M","-0.61%"
"01/15/2025","31.23","30.46","31.41","30.18","2.56M","2.53%"
"01/14/2025","30.46","29.44","30.46","28.84","1.19M","3.46%"
"01/13/2025","29.44","28.92","29.68","28.87","1.67M","2.42%"
"01/12/2025","28.75","29.03","29.19","28.42","510.68K","-1.53%"
"01/09/2025","29.20","29.49","29.56","29.17","146.02K","-1.06%"
"01/08/2025","29.51","29.37","29.51","29.08","234.33K","0.58%"
"01/06/2025","29.34","29.51","29.65","29.25","480.11K","-0.26%"
"01/05/2025","29.42","29.99","30.15","29.32","438.71K","-1.59%"
"01/02/2025","29.89","29.26","30.03","29.17","438.95K","2.58%"
"12/31/2024","29.14","28.56","29.23","28.37","364.87K","2.03%"
"12/30/2024","28.56","28.84","28.85","28.43","231.12K","-0.89%"
"12/29/2024","28.82","29.09","29.27","28.75","128.88K","-0.95%"
"12/26/2024","29.09","28.93","29.12","28.84","277.96K","0.86%"
"12/25/2024","28.84","28.94","29.13","28.75","288.27K","-0.30%"
"12/24/2024","28.93","28.81","29.00","28.34","385.08K","0.43%"
"12/23/2024","28.81","29.42","29.42","28.64","191.02K","-1.30%"
"12/22/2024","29.19","29.25","29.74","29.03","411.08K","-0.13%"
"12/19/2024","29.23","29.51","29.87","28.86","698.50K","-0.97%"
"12/18/2024","29.51","30.28","30.39","29.46","451.92K","-2.52%"
"12/17/2024","30.27","29.93","30.84","29.89","706.27K","1.15%"
"12/16/2024","29.93","30.42","30.45","29.88","416.84K","-1.23%"
"12/15/2024","30.30","30.84","31.03","30.25","515.47K","-1.15%"
"12/12/2024","30.65","30.86","31.03","30.64","641.12K","-0.34%"
"12/11/2024","30.76","30.96","31.21","30.64","1.15M","-0.68%"
"12/10/2024","30.97","31.73","31.89","30.94","3.13M","-0.82%"
"12/09/2024","31.22","31.00","32.37","30.75","3.97M","0.92%"
"12/08/2024","30.94","31.02","31.18","30.94","342.62K","0.00%"
"12/05/2024","30.94","31.35","31.40","30.84","1.12M","-0.37%"
"12/04/2024","31.05","31.29","31.41","30.91","718.04K","-0.24%"
"12/03/2024","31.13","30.89","31.41","30.78","744.32K","0.86%"
"12/02/2024","30.86","31.03","31.32","30.69","298.89K","-0.49%"
"12/01/2024","31.01","30.90","31.16","30.70","203.77K","1.12%"
"11/28/2024","30.67","31.13","31.13","30.46","461.35K","-1.47%"
"11/27/2024","31.13","31.70","31.70","30.94","215.13K","-1.42%"
"11/26/2024","31.58","31.41","31.65","31.14","119.55K","0.76%"
"11/25/2024","31.34","31.29","31.41","30.95","76.13K","0.15%"
"11/24/2024","31.29","31.30","31.51","31.18","116.65K","-0.03%"
"11/21/2024","31.30","31.11","31.54","31.11","242.97K","0.64%"
"11/20/2024","31.10","31.14","31.59","30.97","120.25K","-0.03%"
"11/19/2024","31.11","31.41","31.66","31.05","1.82M","-0.91%"
"11/18/2024","31.40","31.79","31.99","31.32","226.86K","-1.20%"
"11/17/2024","31.78","32.22","32.27","31.51","341.49K","-1.18%"
"11/14/2024","32.16","32.79","33.08","32.08","527.31K","-1.89%"
"11/13/2024","32.78","32.94","33.64","32.75","979.84K","-0.43%"
"11/12/2024","32.92","32.51","33.13","32.48","768.51K","1.35%"
"11/11/2024","32.48","32.82","32.84","32.46","164.85K","-1.04%"
"11/10/2024","32.82","33.00","33.00","32.40","242.16K","0.06%"
"11/07/2024","32.80","32.86","33.19","32.68","333.25K","-0.12%"
"11/06/2024","32.84","32.27","33.32","32.22","1.14M","2.99%"
"11/05/2024","31.89","31.74","32.46","31.47","717.20K","0.75%"
"11/04/2024","31.65","31.47","31.89","31.46","574.36K","0.76%"
"11/03/2024","31.41","31.41","31.75","31.40","617.99K","0.58%"
"10/31/2024","31.23","31.42","31.75","31.22","583.68K","-0.58%"
"10/30/2024","31.41","31.41","31.51","31.21","492.47K","0.00%"
"10/29/2024","31.41","30.96","31.46","30.87","758.37K","1.54%"
"10/28/2024","30.94","31.70","31.71","30.92","512.99K","-1.81%"
"10/27/2024","31.51","31.12","31.75","30.99","1.02M","1.56%"
"10/24/2024","31.02","31.20","31.41","30.84","858.37K","-0.34%"
"10/23/2024","31.13","31.27","31.54","31.13","511.44K","-0.34%"
"10/22/2024","31.23","31.03","31.50","30.94","433.20K","1.27%"
"10/21/2024","30.84","30.70","30.94","29.83","1.10M","0.93%"
"10/20/2024","30.56","31.61","32.08","30.40","647.34K","-3.08%"
"10/17/2024","31.53","32.37","32.80","31.41","919.55K","-2.30%"
"10/16/2024","32.27","30.95","33.30","30.95","2.89M","4.53%"
"10/15/2024","30.87","30.94","31.32","30.75","648.90K","-0.18%"
"10/14/2024","30.93","30.66","31.03","29.99","495.92K","0.87%"
"10/13/2024","30.66","31.67","31.98","30.65","666.33K","-3.19%"
"10/10/2024","31.67","31.80","32.21","31.41","449.49K","-0.15%"
"10/09/2024","31.72","31.41","32.12","30.70","678.41K","1.34%"
"10/08/2024","31.30","32.31","32.46","30.22","1.25M","-3.09%"
"10/07/2024","32.30","33.20","33.22","32.26","1.50M","-1.37%"
"10/03/2024","32.75","31.89","33.32","31.88","1.97M","3.18%"
"10/02/2024","31.74","32.03","32.69","31.62","1.58M","-0.92%"
"10/01/2024","32.03","32.41","32.84","32.00","1.13M","-1.00%"
"09/30/2024","32.36","33.14","33.28","32.00","1.94M","-1.88%"
"09/29/2024","32.98","33.04","33.68","32.56","1.17M","-0.03%"
"09/26/2024","32.99","33.68","33.99","32.87","896.69K","-1.98%"
"09/25/2024","33.65","33.13","34.27","33.13","4.63M","1.87%"
"09/24/2024","33.03","33.08","33.33","32.59","1.28M","-0.03%"
"09/23/2024","33.04","33.32","33.50","32.56","941.62K","-0.40%"
"09/22/2024","33.18","31.80","33.70","31.80","7.78M","5.57%"
"09/19/2024","31.42","31.33","32.27","31.22","11.04M","0.64%"
"09/18/2024","31.22","31.61","31.94","31.22","1.05M","-1.20%"
"09/17/2024","31.61","32.56","32.82","31.52","1.46M","-2.92%"
"09/16/2024","32.56","32.90","33.74","32.37","2.58M","-0.58%"
"09/12/2024","32.75","31.70","32.87","31.32","4.81M","3.61%"
"09/11/2024","31.61","30.20","31.65","29.61","2.97M","4.67%"
"09/10/2024","30.20","30.65","30.94","30.18","1.96M","-0.78%"
"09/09/2024","30.43","29.65","30.70","29.53","3.47M","3.13%"
"09/08/2024","29.51","29.50","29.99","29.28","1.28M","0.68%"
"09/05/2024","29.31","29.16","29.61","29.09","437.80K","0.52%"
"09/04/2024","29.16","29.33","29.44","28.76","773.09K","-1.19%"
"09/03/2024","29.51","29.51","29.86","29.30","701.21K","0.32%"
"09/02/2024","29.42","29.56","30.13","29.18","2.66M","0.55%"
"09/01/2024","29.25","28.99","29.51","28.94","1.69M","1.75%"
"08/29/2024","28.75","28.27","29.01","28.18","1.17M","2.06%"
"08/28/2024","28.17","28.23","28.37","28.14","365.08K","0.14%"
"08/27/2024","28.13","28.32","28.46","27.99","2.05M","-0.51%"
"08/26/2024","28.27","28.65","28.79","28.09","1.41M","-1.03%"
"08/25/2024","28.57","29.02","29.02","28.51","950.45K","-0.96%"
"08/22/2024","28.84","28.80","29.37","28.70","1.24M","0.76%"
"08/21/2024","28.63","28.75","28.98","28.51","1.16M","-0.20%"
"08/20/2024","28.68","28.51","29.23","28.51","2.73M","0.84%"
"08/19/2024","28.44","28.65","28.71","28.42","671.58K","-0.33%"
"08/18/2024","28.54","28.86","29.03","28.43","1.11M","-0.73%"
"08/15/2024","28.75","29.40","29.49","28.51","1.05M","-1.63%"
"08/14/2024","29.23","29.00","29.51","28.86","607.83K","0.99%"
"08/13/2024","28.94","29.42","29.61","28.84","708.40K","-0.91%"
"08/12/2024","29.21","30.22","30.84","29.03","1.21M","-1.95%"
"08/11/2024","29.79","29.70","30.22","29.57","321.74K","0.94%"
"08/08/2024","29.51","29.62","29.80","29.23","375.88K","-0.03%"
"08/07/2024","29.52","29.53","29.80","29.23","408.41K","1.01%"
"08/06/2024","29.23","29.23","29.99","29.07","415.79K","0.82%"
"08/05/2024","28.99","29.23","29.51","27.65","1.52M","-2.31%"
"08/04/2024","29.67","30.74","30.74","28.66","1.90M","-6.82%"
"08/01/2024","31.84","31.61","32.06","31.51","2.09M","1.06%"
"07/31/2024","31.51","31.36","31.51","30.94","1.54M","0.91%"
"07/30/2024","31.22","30.98","31.22","30.84","836.55K","0.86%"
"07/29/2024","30.96","31.32","31.58","30.85","871.10K","-0.91%"
"07/28/2024","31.24","31.79","31.79","31.12","580.85K","-1.29%"
"07/24/2024","31.65","31.52","32.34","30.98","3.17M","0.76%"
"07/23/2024","31.41","29.69","31.61","29.61","6.82M","6.28%"
"07/22/2024","29.56","28.66","29.99","28.65","3.48M","3.50%"
"07/21/2024","28.56","28.60","28.74","28.08","1.91M","0.33%"
"07/18/2024","28.46","28.46","28.83","28.32","2.00M","0.95%"
"07/17/2024","28.20","27.42","28.42","27.36","1.51M","3.06%"
"07/16/2024","27.36","27.59","27.73","27.24","626.18K","-0.66%"
"07/15/2024","27.54","27.99","28.17","27.42","946.73K","-1.60%"
"07/14/2024","27.99","28.39","28.46","27.89","1.29M","-0.34%"
"07/10/2024","28.08","27.86","28.48","27.85","3.75M","1.72%"
"07/09/2024","27.61","27.46","27.62","26.46","2.49M","0.66%"
"07/08/2024","27.43","27.54","27.68","27.42","1.10M","0.00%"
"07/07/2024","27.43","27.61","27.80","27.39","1.07M","-0.03%"
"07/04/2024","27.44","27.94","28.02","27.04","1.66M","-1.30%"
"07/03/2024","27.80","27.96","28.18","27.80","1.14M","-0.38%"
"07/02/2024","27.90","28.42","28.46","27.66","1.03M","-1.68%"
"07/01/2024","28.38","28.47","28.97","28.38","1.16M","-0.13%"
"06/27/2024","28.42","28.46","28.75","28.35","734.71K","0.27%"
"06/26/2024","28.34","28.27","28.46","28.10","671.93K","0.30%"
"06/25/2024","28.25","28.51","28.56","28.00","609.73K","-0.84%"
"06/24/2024","28.49","29.02","29.03","28.46","825.03K","-1.09%"
"06/23/2024","28.81","28.02","29.01","28.02","600.37K","3.84%"
"06/13/2024","27.74","28.24","28.72","27.74","1.91M","-1.02%"
"06/12/2024","28.03","28.32","28.32","27.93","210.43K","0.17%"
"06/11/2024","27.98","27.95","28.45","27.89","680.40K","-0.47%"
"06/10/2024","28.11","28.04","28.20","27.65","574.94K","0.54%"
"06/09/2024","27.96","29.32","29.32","27.91","452.98K","-4.18%"
"06/06/2024","29.18","29.49","29.49","28.70","439.89K","0.26%"
"06/05/2024","29.10","29.89","30.03","28.42","1.02M","-3.66%"
"06/04/2024","30.21","29.42","30.26","29.27","526.43K","3.46%"
"06/03/2024","29.20","29.22","29.46","29.10","386.31K","0.33%"
"06/02/2024","29.10","29.71","30.14","29.03","466.63K","-1.86%"
"05/30/2024","29.65","30.41","30.56","29.20","1.44M","-2.11%"
"05/29/2024","30.29","30.64","30.64","30.19","918.56K","-1.15%"
"05/28/2024","30.64","30.37","30.65","29.52","1.37M","0.53%"
"05/27/2024","30.48","30.91","31.22","30.48","955.04K","-1.39%"
"05/26/2024","30.91","30.94","31.03","30.46","662.36K","0.62%"
"05/23/2024","30.72","30.19","31.41","30.19","2.36M","2.06%"
"05/22/2024","30.10","29.65","30.23","29.43","1.40M","1.64%"
"05/21/2024","29.62","29.31","30.27","28.91","2.77M","1.87%"
"05/20/2024","29.07","30.01","30.31","29.03","3.04M","-2.40%"
"05/19/2024","29.79","29.38","30.18","28.56","3.69M","2.25%"
"05/16/2024","29.13","29.01","29.51","28.75","1.24M","0.62%"
"05/15/2024","28.95","29.11","29.43","28.65","543.01K","0.96%"
"05/14/2024","28.67","29.62","30.27","28.44","1.40M","-3.06%"
"05/13/2024","29.58","30.08","30.45","28.89","168.85K","-0.26%"
"05/12/2024","29.65","30.57","30.94","29.53","180.26K","-5.09%"
"05/09/2024","31.24","29.33","31.26","28.94","930.14K","7.15%"
"05/08/2024","29.16","31.41","31.70","28.72","1.05M","-6.90%"
"05/07/2024","31.32","31.41","31.89","30.56","323.40K","0.21%"
"05/02/2024","31.25","31.38","32.24","30.99","582.38K","-0.39%"
"05/01/2024","31.38","31.41","31.73","29.75","369.75K","0.80%"
"04/30/2024","31.13","33.29","33.29","30.42","1.84M","-6.01%"
"04/29/2024","33.12","31.70","33.20","31.06","840.48K","4.51%"
"04/28/2024","31.69","33.48","35.18","31.41","904.41K","-13.76%"
"04/24/2024","36.75","37.03","37.60","36.13","1.14M","-0.77%"
"04/23/2024","37.03","37.84","38.54","36.84","812.06K","-2.14%"
"04/22/2024","37.84","38.65","38.94","37.80","455.39K","-2.09%"
"04/21/2024","38.65","38.08","39.01","38.13","327.01K","1.50%"
"04/18/2024","38.08","39.81","40.35","37.60","651.17K","-4.35%"
"04/17/2024","39.81","39.31","41.12","38.70","921.99K","1.28%"
"04/16/2024","39.31","37.90","39.44","37.70","682.09K","3.72%"
"04/15/2024","37.90","36.94","37.95","36.75","1.21M","2.60%"
"04/08/2024","36.94","35.53","37.02","35.32","1.10M","3.97%"
"04/07/2024","35.53","34.94","35.64","35.13","273.31K","1.69%"
"04/04/2024","34.94","35.25","35.79","34.88","816.62K","-0.89%"
"04/03/2024","35.25","36.17","36.16","34.90","180.49K","-2.53%"
"04/02/2024","36.17","35.90","36.64","35.94","137.70K","0.74%"
"04/01/2024","35.90","34.64","37.13","35.03","616.06K","3.63%"
"03/31/2024","34.64","37.13","37.32","34.41","254.83K","-6.69%"
"03/28/2024","37.13","37.15","37.79","36.65","150.36K","-0.05%"
"03/27/2024","37.15","38.08","38.08","36.84","159.58K","-2.45%"
"03/26/2024","38.08","38.11","38.94","38.08","5.65M","-0.07%"
"03/25/2024","38.11","38.08","38.46","37.89","126.00K","0.07%"
"03/24/2024","38.08","38.79","39.36","37.43","363.81K","-1.84%"
"03/21/2024","38.79","38.69","39.51","38.08","252.85K","0.27%"
"03/20/2024","38.69","38.15","39.78","38.22","247.90K","1.42%"
"03/19/2024","38.15","37.03","39.22","37.03","9.06M","3.01%"
"03/18/2024","37.03","38.08","39.40","36.84","772.13K","-2.75%"
"03/17/2024","38.08","36.46","39.03","37.14","1.84M","4.44%"
"03/14/2024","36.46","39.50","39.97","36.46","1.16M","-7.69%"
"03/13/2024","39.50","39.89","40.44","38.26","2.06M","-0.98%"
"03/12/2024","39.89","41.28","41.89","38.57","1.98M","-3.37%"
"03/11/2024","41.28","42.83","43.31","40.96","1.67M","-3.62%"
"03/10/2024","42.83","44.69","45.64","42.36","1.45M","-4.17%"
"03/07/2024","44.69","42.64","45.19","41.60","1.67M","4.82%"
"03/06/2024","42.64","42.60","45.68","42.11","761.56K","0.09%"
"03/05/2024","42.60","44.69","44.73","42.46","869.56K","-4.69%"
"03/04/2024","44.69","42.65","45.69","41.91","492.76K","4.80%"
"03/03/2024","42.65","42.84","42.93","41.51","732.52K","-0.44%"
"02/29/2024","42.84","43.80","43.89","41.47","1.32M","-2.20%"
"02/28/2024","43.80","42.74","45.15","42.67","1.11M","2.47%"
"02/27/2024","42.74","41.89","43.80","41.89","1.27M","2.05%"
"02/26/2024","41.89","42.70","44.73","41.89","1.10M","-1.90%"
"02/25/2024","42.70","48.55","47.49","41.80","1.89M","-12.06%"
"02/22/2024","48.55","49.13","49.50","42.84","424.76K","-1.18%"
"02/21/2024","49.13","49.45","49.47","48.19","552.93K","-0.65%"
"02/20/2024","49.45","50.44","50.45","49.13","326.56K","-1.96%"
"02/19/2024","50.44","49.50","50.74","49.04","620.73K","1.90%"
"02/18/2024","49.50","48.55","50.64","48.55","1.27M","1.96%"
"02/15/2024","48.55","47.60","48.74","47.46","783.11K","2.00%"
"02/14/2024","47.60","47.50","49.00","47.18","717.42K","0.20%"
"02/13/2024","47.50","47.63","49.45","47.12","731.54K","-0.26%"
"02/12/2024","47.63","49.47","49.22","46.47","1.01M","-3.73%"
"02/11/2024","49.47","50.78","50.78","46.49","1.32M","-2.57%"
"02/08/2024","50.78","48.55","50.89","47.62","1.23M","4.59%"
"02/07/2024","48.55","48.07","50.93","47.31","2.52M","0.99%"
"02/06/2024","48.07","46.49","52.17","47.12","3.82M","3.40%"
"02/05/2024","46.49","41.22","47.07","40.39","25.57M","12.79%"
"02/04/2024","41.22","42.13","43.65","40.94","1.70M","-2.17%"
"02/01/2024","42.13","45.93","47.12","40.46","1.97M","-8.27%"
"01/31/2024","45.93","50.87","51.28","45.93","2.00M","-9.03%"
"01/30/2024","50.49","47.69","51.87","47.60","1.37M","6.08%"
"01/29/2024","47.60","47.60","49.49","46.66","1.76M","0.00%"
"01/28/2024","47.60","43.94","47.79","43.89","1.52M","8.32%"
"01/24/2024","43.94","43.50","44.36","42.89","315.12K","0.92%"
"01/23/2024","43.54","44.55","44.55","42.93","938.39K","-2.68%"
"01/22/2024","44.74","45.20","45.31","44.27","873.08K","-0.72%"
"01/21/2024","45.07","42.84","45.08","42.84","1.67M","5.91%"
"01/18/2024","42.55","41.41","43.78","41.33","895.25K","2.95%"
"01/17/2024","41.33","42.27","42.59","41.22","318.52K","-2.21%"
"01/16/2024","42.27","39.85","42.27","39.79","1.50M","6.42%"
"01/15/2024","39.72","39.84","39.97","39.65","649.26K","-0.31%"
"01/14/2024","39.84","39.89","40.22","39.70","712.18K","0.50%"
"01/11/2024","39.64","39.27","39.98","39.04","460.01K","1.29%"
"01/10/2024","39.14","39.03","39.41","38.51","1.37M","0.61%"
"01/09/2024","38.90","38.51","39.21","38.32","778.33K","1.14%"
"01/08/2024","38.46","38.55","38.79","38.32","134.73K","-0.02%"
"01/04/2024","38.47","38.70","38.84","38.27","862.56K","0.02%"
"01/03/2024","38.46","38.89","38.97","38.09","554.67K","-0.86%"
"01/02/2024","38.79","38.55","38.94","38.43","1.40M","1.17%"
"12/31/2023","38.35","37.50","38.69","37.50","527.67K","3.02%"
"12/28/2023","37.22","36.30","37.60","36.27","1.65M","2.62%"
"12/27/2023","36.27","36.65","36.84","36.13","3.30M","-0.63%"
"12/26/2023","36.50","37.13","37.31","36.28","889.19K","-1.64%"
"12/25/2023","37.11","37.60","37.83","36.82","314.91K","-1.19%"
"12/24/2023","37.55","38.19","38.27","37.25","1.09M","-1.00%"
"12/21/2023","37.94","39.98","40.22","37.41","889.50K","-5.12%"
"12/20/2023","39.98","40.27","40.31","39.51","142.29K","-0.21%"
"12/19/2023","40.07","40.11","40.70","39.89","193.30K","0.12%"
"12/18/2023","40.02","40.03","40.89","39.93","185.73K","0.19%"
"12/17/2023","39.94","39.98","40.13","39.51","150.38K","1.84%"
"12/14/2023","39.22","41.32","41.51","39.22","2.10M","-3.99%"
"12/13/2023","40.85","41.16","41.55","40.66","385.15K","-0.33%"
"12/12/2023","40.98","39.89","41.51","39.13","541.23K","3.16%"
"12/11/2023","39.73","40.46","40.46","38.89","344.98K","-2.00%"
"12/10/2023","40.53","40.93","40.93","40.17","397.08K","-0.54%"
"12/07/2023","40.75","39.80","40.93","39.33","378.82K","2.44%"
"12/06/2023","39.78","41.70","41.77","39.61","291.81K","-3.24%"
"12/05/2023","41.12","42.23","42.62","40.95","596.84K","-1.57%"
"12/04/2023","41.77","41.89","42.74","41.58","255.55K","0.00%"
"12/03/2023","41.77","42.47","42.82","40.65","655.64K","-1.61%"
"11/30/2023","42.46","42.60","43.30","42.36","637.24K","0.22%"
"11/29/2023","42.36","43.79","44.12","41.80","13.88M","-3.26%"
"11/28/2023","43.79","44.89","44.89","43.04","425.53K","-1.48%"
"11/27/2023","44.45","45.15","45.17","44.38","346.78K","-1.60%"
"11/26/2023","45.17","44.74","45.22","44.37","113.38K","1.13%"
"11/23/2023","44.67","45.49","45.49","44.58","156.50K","-0.21%"
"11/22/2023","44.76","44.98","45.84","44.46","266.16K","-0.13%"
"11/21/2023","44.82","44.36","45.20","44.32","61.65K","1.12%"
"11/20/2023","44.32","46.12","48.07","42.89","479.12K","-3.22%"
"11/19/2023","45.80","45.50","46.17","45.22","348.05K","1.28%"
"11/16/2023","45.22","44.54","45.22","44.40","631.04K","1.52%"
"11/15/2023","44.54","44.74","45.22","44.36","71.43K","-0.38%"
"11/14/2023","44.71","45.22","45.68","44.55","507.87K","0.43%"
"11/13/2023","44.52","45.22","46.08","44.50","86.79K","-2.36%"
"11/12/2023","45.60","45.69","46.08","45.22","104.74K","0.38%"
"11/09/2023","45.43","44.92","46.27","44.92","1.30M","1.14%"
"11/08/2023","44.91","45.68","45.69","44.69","345.66K","-0.67%"
"11/07/2023","45.22","46.27","46.27","45.22","141.83K","-2.02%"
"11/06/2023","46.15","46.33","46.46","45.50","1.10M","0.41%"
"11/05/2023","45.96","45.65","46.22","45.41","90.29K","1.34%"
"11/02/2023","45.35","45.58","46.17","44.93","37.43K","0.97%"
"11/01/2023","44.91","45.50","46.61","44.84","1.44M","-1.48%"
"10/31/2023","45.59","49.22","49.50","44.56","3.09M","-6.10%"
"10/30/2023","48.55","49.50","49.97","47.60","371.19K","-2.99%"
"10/29/2023","50.04","49.98","51.37","49.09","281.40K","0.13%"
"10/26/2023","49.98","51.41","51.83","49.03","271.69K","-2.09%"
"10/25/2023","51.04","46.36","53.31","45.74","564.72K","10.56%"
"10/24/2023","46.17","47.07","47.12","45.50","272.47K","-0.43%"
"10/23/2023","46.37","47.11","47.49","45.73","157.70K","-0.51%"
"10/22/2023","46.61","45.08","47.79","44.46","744.71K","3.60%"
"10/19/2023","44.99","45.89","46.53","44.74","753.54K","-1.73%"
"10/18/2023","45.78","50.45","50.45","45.69","1.94M","-7.73%"
"10/17/2023","49.62","47.49","51.31","46.65","1.20M","6.35%"
"10/16/2023","46.66","44.20","49.01","43.31","1.59M","5.63%"
"10/15/2023","44.17","41.79","44.23","41.79","1.58M","5.74%"
"10/12/2023","41.77","39.79","41.89","39.52","849.67K","4.80%"
"10/11/2023","39.86","38.46","40.17","38.46","779.75K","3.38%"
"10/10/2023","38.55","38.67","38.92","38.41","272.08K","-0.05%"
"10/09/2023","38.57","38.79","39.03","38.37","901.68K","0.02%"
"10/08/2023","38.56","38.54","39.03","37.89","947.00K","-1.20%"
"10/04/2023","39.03","38.08","39.50","37.60","779.91K","2.50%"
"10/03/2023","38.08","38.92","38.92","37.30","649.82K","-2.15%"
"10/02/2023","38.92","39.27","39.51","37.98","1.09M","-0.27%"
"10/01/2023","39.02","37.98","39.29","37.98","1.07M","2.73%"
"09/27/2023","37.98","38.56","38.89","37.84","706.38K","-1.31%"
"09/26/2023","38.49","39.32","39.32","38.08","462.03K","-1.75%"
"09/25/2023","39.17","39.03","39.36","38.78","134.52K","1.01%"
"09/24/2023","38.78","39.03","40.92","38.47","1.04M","-1.83%"
"09/21/2023","39.51","36.29","39.98","36.17","2.81M","8.87%"
"09/20/2023","36.29","36.17","36.81","35.98","682.75K","1.41%"
"09/19/2023","35.78","36.92","36.93","35.70","95.01K","-2.11%"
"09/18/2023","36.56","36.84","36.94","36.52","538.04K","-1.03%"
"09/17/2023","36.94","36.08","37.08","35.98","212.84K","4.13%"
"09/14/2023","35.47","35.75","36.17","35.43","200.29K","-1.19%"
"09/13/2023","35.90","36.03","36.17","35.70","50.73K","-0.76%"
"09/12/2023","36.17","35.97","36.26","35.79","365.62K","0.74%"
"09/11/2023","35.91","36.27","36.27","35.90","6.40M","-0.74%"
"09/10/2023","36.17","35.72","36.36","35.65","266.67K","1.36%"
"09/07/2023","35.69","34.75","35.94","34.75","1.01M","1.85%"
"09/06/2023","35.04","34.78","35.22","34.76","345.88K","0.85%"
"09/05/2023","34.75","34.94","35.03","34.27","332.99K","-0.19%"
"09/04/2023","34.81","34.91","34.98","34.75","63.03K","0.03%"
"09/03/2023","34.80","35.01","35.03","34.76","19.00K","0.16%"
"08/31/2023","34.75","35.11","35.20","34.75","203.83K","-0.38%"
"08/30/2023","34.88","34.79","35.21","34.79","45.12K","0.11%"
"08/29/2023","34.84","35.22","35.40","34.76","206.04K","-1.05%"
"08/28/2023","35.21","35.70","36.65","35.14","1.44M","-1.36%"
"08/27/2023","35.70","35.22","35.71","35.22","225.04K","1.32%"
"08/24/2023","35.23","34.84","35.37","34.75","119.52K","1.37%"
"08/23/2023","34.76","34.65","34.84","34.46","97.76K","0.86%"
"08/22/2023","34.46","34.75","34.75","34.37","49.82K","0.25%"
"08/21/2023","34.38","34.87","35.20","34.27","93.49K","-1.61%"
"08/20/2023","34.94","35.51","35.51","34.80","37.93K","-0.81%"
"08/17/2023","35.22","35.51","35.94","34.76","1.40M","-1.31%"
"08/16/2023","35.69","34.56","35.70","34.40","542.70K","3.14%"
"08/15/2023","34.60","34.74","34.93","34.31","208.93K","-0.44%"
"08/14/2023","34.76","34.46","34.93","34.37","149.74K","1.39%"
"08/13/2023","34.28","34.51","34.51","34.23","183.33K","-0.14%"
"08/10/2023","34.33","34.56","34.56","34.32","44.08K","0.00%"
"08/09/2023","34.33","34.75","34.93","34.29","103.17K","-0.77%"
"08/08/2023","34.59","34.65","35.21","34.38","83.67K","0.14%"
"08/07/2023","34.55","34.46","34.65","34.27","36.99K","0.33%"
"08/06/2023","34.43","34.43","34.49","34.18","43.83K","0.75%"
"08/03/2023","34.18","34.28","34.53","34.09","330.32K","-0.31%"
"08/02/2023","34.28","34.37","34.59","34.22","179.36K","-0.11%"
"08/01/2023","34.32","34.63","34.74","34.32","146.17K","-0.72%"
"07/31/2023","34.57","34.18","34.70","34.18","196.73K","1.20%"
"07/30/2023","34.16","34.65","34.70","34.13","179.46K","-0.64%"
"07/27/2023","34.38","34.55","34.79","34.32","332.14K","-0.08%"
"07/26/2023","34.40","34.75","35.02","34.32","158.53K","-1.01%"
"07/25/2023","34.76","34.78","35.12","34.38","276.39K","0.75%"
"07/24/2023","34.50","35.62","35.65","34.27","729.79K","-3.18%"
"07/19/2023","35.63","36.17","36.17","35.60","41.96K","-0.90%"
"07/18/2023","35.96","36.17","36.41","35.80","103.85K","-0.81%"
"07/17/2023","36.25","36.03","36.60","35.89","166.05K","1.09%"
"07/16/2023","35.86","35.22","37.02","35.22","537.27K","1.81%"
"07/13/2023","35.22","34.56","35.32","34.37","245.60K","1.45%"
"07/12/2023","34.72","34.75","34.75","34.28","42.64K","0.08%"
"07/11/2023","34.69","34.41","34.75","33.42","126.23K","0.69%"
"07/10/2023","34.45","32.38","34.64","32.37","191.26K","6.66%"
"07/09/2023","32.30","34.16","34.27","31.41","182.85K","-5.43%"
"07/06/2023","34.16","35.46","35.57","33.91","512.10K","-3.88%"
"07/05/2023","35.54","34.08","35.60","33.94","300.60K","4.33%"
"07/04/2023","34.06","33.84","34.24","33.84","75.80K","0.79%"
"06/26/2023","33.79","33.32","33.79","33.13","320.81K","1.98%"
"06/25/2023","33.14","33.46","33.51","33.12","113.32K","-0.68%"
"06/22/2023","33.37","33.56","33.74","33.22","322.87K","0.09%"
"06/21/2023","33.34","34.08","34.21","33.15","325.26K","-1.93%"
"06/20/2023","33.99","34.27","34.54","33.89","258.39K","-0.78%"
"06/19/2023","34.26","34.94","34.94","34.08","342.80K","-1.67%"
"06/18/2023","34.84","34.84","35.18","34.70","112.84K","0.33%"
"06/15/2023","34.73","34.75","34.94","34.27","270.96K","1.19%"
"06/14/2023","34.32","34.65","35.70","34.11","434.97K","1.12%"
"06/13/2023","33.94","34.75","35.94","33.60","1.19M","-1.95%"
"06/12/2023","34.61","34.84","35.22","34.46","35.13K","0.94%"
"06/11/2023","34.29","35.60","35.70","34.27","199.20K","0.81%"
"06/08/2023","34.01","33.81","35.98","33.15","737.81K","0.59%"
"06/07/2023","33.81","35.22","35.51","33.53","1.01M","-3.48%"
"06/06/2023","35.03","36.34","36.55","34.75","370.15K","-3.16%"
"06/05/2023","36.17","37.13","37.32","36.13","871.42K","-1.55%"
"06/04/2023","36.75","37.57","37.89","36.75","177.17K","-1.81%"
"06/01/2023","37.42","37.58","37.94","36.98","266.15K","0.43%"
"05/31/2023","37.26","37.89","38.27","37.11","1.45M","-1.66%"
"05/30/2023","37.89","37.84","38.08","37.32","163.91K","1.30%"
"05/29/2023","37.40","38.04","38.08","36.75","462.27K","-1.68%"
"05/28/2023","38.04","38.26","38.40","37.70","148.54K","-0.10%"
"05/25/2023","38.08","38.22","38.51","37.89","394.27K","-0.02%"
"05/24/2023","38.09","37.89","38.35","37.70","107.61K","1.29%"
"05/23/2023","37.60","38.51","38.55","37.08","92.10K","-1.05%"
"05/22/2023","38.00","38.65","39.03","37.77","346.01K","-2.06%"
"05/21/2023","38.80","39.03","39.22","37.90","74.10K","-0.59%"
"05/18/2023","39.03","37.89","39.13","37.60","1.02M","3.09%"
"05/17/2023","37.86","38.99","39.03","37.60","137.15K","-2.91%"
"05/16/2023","38.99","39.22","39.22","38.55","1.18M","-0.10%"
"05/15/2023","39.03","39.51","40.32","39.03","510.43K","-0.89%"
"05/14/2023","39.38","40.93","40.93","38.74","420.66K","-2.96%"
"05/11/2023","40.58","41.41","41.46","40.36","282.27K","-1.04%"
"05/10/2023","41.01","40.94","41.51","40.08","181.04K","0.12%"
"05/09/2023","40.96","41.89","42.00","40.93","178.18K","-2.20%"
"05/08/2023","41.89","40.45","42.08","40.27","492.79K","3.65%"
"05/07/2023","40.41","40.01","40.46","39.03","63.84K","0.81%"
"05/03/2023","40.09","39.89","40.46","39.71","510.23K","0.84%"
"05/02/2023","39.75","39.03","39.95","38.94","100.07K","2.08%"
"05/01/2023","38.94","40.75","41.03","38.89","378.55K","-4.42%"
"04/30/2023","40.74","41.89","42.46","40.60","365.37K","-2.48%"
"04/27/2023","41.78","41.51","41.98","41.03","150.09K","1.06%"
"04/26/2023","41.34","41.82","41.89","40.84","248.32K","-1.09%"
"04/19/2023","41.80","41.89","42.83","41.41","390.34K","-0.18%"
"04/18/2023","41.88","39.89","42.83","39.04","563.52K","5.49%"
"04/13/2023","39.70","38.96","39.78","38.35","680.12K","3.22%"
"04/12/2023","38.46","39.98","39.98","36.89","7.83M","-9.21%"
"04/11/2023","42.36","42.85","43.30","41.98","1.01M","-1.07%"
"04/10/2023","42.82","41.89","43.31","41.42","1.37M","2.27%"
"04/09/2023","41.87","39.98","42.36","39.98","754.04K","6.21%"
"04/06/2023","39.42","40.93","40.93","39.42","745.97K","-3.70%"
"04/05/2023","40.93","41.74","41.74","40.93","254.31K","-1.35%"
"04/04/2023","41.50","41.76","41.81","40.98","738.89K","-0.75%"
"04/03/2023","41.81","41.87","42.34","41.42","299.40K","2.14%"
"04/02/2023","40.93","41.89","42.65","40.84","71.34K","-1.87%"
"03/30/2023","41.72","42.84","44.27","41.03","1.06M","-0.41%"
"03/29/2023","41.89","38.08","44.74","38.08","1.41M","10.00%"
"03/28/2023","38.08","37.10","38.13","36.36","746.87K","3.47%"
"03/27/2023","36.80","38.08","38.08","36.42","374.91K","-3.28%"
"03/26/2023","38.05","38.54","38.54","37.17","275.24K","-0.10%"
"03/23/2023","38.09","34.70","38.55","34.14","2.19M","9.98%"
"03/22/2023","34.63","33.79","34.94","33.24","671.36K","3.00%"
"03/21/2023","33.62","33.22","33.98","33.13","1.24M","1.12%"
"03/20/2023","33.25","33.79","33.79","33.18","519.86K","-0.20%"
"03/19/2023","33.32","33.15","33.88","33.09","123.56K","0.52%"
"03/16/2023","33.15","33.31","34.03","32.56","1.16M","0.90%"
"03/15/2023","32.85","34.16","34.16","32.60","791.44K","-2.79%"
"03/14/2023","33.79","33.79","34.25","33.27","354.52K","-0.03%"
"03/13/2023","33.80","34.65","34.84","33.41","1.35M","-1.69%"
"03/12/2023","34.38","34.26","34.69","33.08","271.37K","0.70%"
"03/09/2023","34.15","32.87","34.27","32.87","105.21K","3.97%"
"03/08/2023","32.84","33.30","33.63","32.80","1.05M","-1.43%"
"03/07/2023","33.32","33.42","33.79","33.15","633.93K","-0.31%"
"03/06/2023","33.42","34.27","34.63","33.35","137.30K","-2.47%"
"03/05/2023","34.27","34.27","34.75","34.11","203.25K","0.03%"
"03/02/2023","34.26","34.16","34.38","33.95","368.77K","0.81%"
"03/01/2023","33.99","34.06","34.27","33.79","2.03M","-0.22%"
"02/28/2023","34.06","34.79","34.84","33.48","328.29K","-1.95%"
"02/27/2023","34.74","34.91","35.12","34.56","1.74M","-0.49%"
"02/26/2023","34.91","33.54","35.13","33.54","567.13K","4.32%"
"02/23/2023","33.46","33.21","33.79","31.91","364.82K","4.96%"
"02/22/2023","31.88","32.55","32.81","30.40","217.60K","-1.93%"
"02/21/2023","32.51","32.27","32.81","31.89","235.81K","1.70%"
"02/20/2023","31.97","33.15","33.32","31.89","523.94K","-3.56%"
"02/19/2023","33.15","33.89","34.35","32.84","1.33M","-2.38%"
"02/16/2023","33.96","33.08","33.99","33.08","545.18K","2.77%"
"02/15/2023","33.04","32.94","33.32","32.86","628.16K","0.55%"
"02/14/2023","32.86","33.13","33.22","32.75","139.86K","0.06%"
"02/13/2023","32.84","33.03","33.22","32.75","658.00K","-0.12%"
"02/12/2023","32.88","32.74","33.22","32.48","411.71K","-0.63%"
"02/09/2023","33.09","32.38","33.66","32.38","570.70K","0.75%"
"02/08/2023","32.84","32.73","34.27","32.00","934.46K","1.77%"
"02/07/2023","32.27","32.73","32.73","31.99","331.31K","0.27%"
"02/06/2023","32.19","32.27","32.93","32.03","181.47K","0.03%"
"02/05/2023","32.18","32.83","33.17","31.90","753.52K","-0.79%"
"02/02/2023","32.43","33.50","33.87","31.96","756.03K","-2.66%"
"02/01/2023","33.32","33.32","33.70","32.66","320.91K","0.00%"
"01/31/2023","33.32","33.59","33.79","33.13","340.13K","0.11%"
"01/30/2023","33.28","33.60","34.18","33.03","199.72K","0.23%"
"01/29/2023","33.20","33.28","33.60","32.84","119.50K","-0.34%"
"01/25/2023","33.32","32.65","33.67","32.65","882.39K","2.55%"
"01/24/2023","32.49","32.99","32.99","32.38","347.32K","-1.64%"
"01/23/2023","33.03","33.84","33.84","32.28","2.36M","-1.39%"
"01/22/2023","33.50","33.66","33.79","33.04","153.11K","0.51%"
"01/19/2023","33.33","34.18","34.18","33.32","446.03K","-1.52%"
"01/18/2023","33.84","33.95","34.22","32.91","419.86K","-0.31%"
"01/17/2023","33.95","34.18","34.56","33.79","369.28K","-0.94%"
"01/16/2023","34.27","34.10","34.46","33.94","195.22K","0.14%"
"01/15/2023","34.22","34.16","34.37","34.09","203.48K","0.50%"
"01/12/2023","34.05","34.75","35.03","33.75","357.78K","-2.00%"
"01/11/2023","34.75","32.60","34.84","32.41","1.07M","6.57%"
"01/10/2023","32.60","33.27","33.51","31.94","275.90K","-1.61%"
"01/09/2023","33.14","33.32","34.02","32.38","482.90K","-0.54%"
"01/05/2023","33.32","33.33","34.27","32.75","2.71M","0.00%"
"01/04/2023","33.32","31.22","33.32","30.27","4.28M","6.81%"
"01/03/2023","31.20","31.14","31.41","30.65","842.88K","0.52%"
"01/02/2023","31.03","30.93","31.07","30.09","545.30K","3.43%"
"12/29/2022","30.01","30.18","31.08","29.75","283.88K","-0.06%"
"12/28/2022","30.02","29.99","30.85","29.71","171.66K","0.13%"
"12/27/2022","29.99","29.97","30.66","29.63","613.17K","1.29%"
"12/26/2022","29.61","29.51","30.18","29.23","91.47K","1.63%"
"12/25/2022","29.13","30.21","30.46","29.08","193.42K","-3.56%"
"12/22/2022","30.21","29.51","30.94","29.08","1.54M","4.03%"
"12/21/2022","29.03","29.97","29.97","28.58","646.68K","-0.72%"
"12/20/2022","29.24","30.25","31.13","28.56","619.16K","-3.31%"
"12/19/2022","30.24","31.75","32.60","29.89","1.40M","-4.62%"
"12/18/2022","31.71","32.84","32.84","31.44","133.53K","-2.03%"
"12/15/2022","32.37","34.65","34.84","32.37","663.40K","-5.53%"
"12/14/2022","34.26","34.27","35.22","33.80","2.74M","1.10%"
"12/13/2022","33.89","33.32","34.27","33.04","580.44K","1.71%"
"12/12/2022","33.32","32.37","33.70","32.37","291.74K","2.88%"
"12/11/2022","32.39","33.79","33.97","32.39","220.19K","-2.80%"
"12/08/2022","33.32","32.93","33.79","32.84","748.59K","1.19%"
"12/07/2022","32.93","34.23","34.27","31.65","1.50M","-2.37%"
"12/06/2022","33.73","33.59","34.20","32.94","184.18K","0.43%"
"12/05/2022","33.59","33.13","34.04","32.70","98.89K","2.41%"
"12/04/2022","32.80","32.83","33.30","32.08","121.29K","2.62%"
"12/01/2022","31.96","29.51","34.84","28.80","792.67K","10.07%"
"11/30/2022","29.03","28.18","29.50","28.18","674.16K","2.42%"
"11/29/2022","28.35","28.27","28.42","28.08","704.95K","1.40%"
"11/28/2022","27.96","28.46","28.70","27.89","1.64M","-1.11%"
"11/27/2022","28.27","28.37","28.45","27.70","89.29K","1.96%"
"11/24/2022","27.73","28.08","28.46","27.61","103.92K","-1.25%"
"11/23/2022","28.08","27.89","28.23","27.72","240.28K","0.51%"
"11/22/2022","27.94","27.61","27.98","27.61","606.92K","0.03%"
"11/21/2022","27.93","28.06","28.06","27.29","248.18K","0.62%"
"11/20/2022","27.76","27.58","28.07","26.99","4.66M","2.28%"
"11/17/2022","27.14","27.42","27.61","27.08","321.61K","-0.73%"
"11/16/2022","27.34","27.42","27.53","27.09","144.17K","0.95%"
"11/15/2022","27.08","27.07","27.42","26.63","327.65K","1.61%"
"11/14/2022","26.65","28.41","28.41","26.61","373.61K","-0.99%"
"11/13/2022","26.92","25.70","28.46","25.25","481.05K","4.74%"
"11/10/2022","25.70","25.13","25.80","24.75","338.84K","3.85%"
"11/09/2022","24.75","24.75","24.98","24.47","463.05K","0.27%"
"11/08/2022","24.68","25.02","25.51","24.51","408.04K","-2.45%"
"11/07/2022","25.30","25.13","25.42","24.64","252.61K","2.70%"
"11/06/2022","24.64","25.70","25.70","23.99","164.15K","-4.15%"
"11/03/2022","25.70","24.75","25.70","24.37","110.29K","3.85%"
"11/02/2022","24.75","24.96","25.88","24.75","148.17K","-3.35%"
"11/01/2022","25.61","25.51","25.70","24.87","885.62K","1.17%"
"10/31/2022","25.31","25.51","25.70","24.47","342.98K","-1.15%"
"10/30/2022","25.61","25.70","25.70","23.80","574.70K","4.38%"
"10/27/2022","24.53","22.18","25.70","22.18","1.28M","9.71%"
"10/26/2022","22.36","22.04","22.42","22.04","1.15M","1.51%"
"10/25/2022","22.03","22.15","22.15","21.72","91.09K","0.00%"
"10/24/2022","22.03","21.75","22.04","21.16","122.99K","3.07%"
"10/23/2022","21.37","22.13","22.56","20.94","354.37K","-3.73%"
"10/20/2022","22.20","22.18","22.37","21.94","182.47K","0.43%"
"10/19/2022","22.10","22.12","22.13","21.82","470.75K","1.13%"
"10/18/2022","21.86","22.13","22.13","21.70","212.57K","-0.56%"
"10/17/2022","21.98","22.13","22.13","21.90","1.00M","0.39%"
"10/16/2022","21.90","21.98","22.31","21.90","609.04K","0.22%"
"10/13/2022","21.85","21.99","21.99","21.42","83.36K","-0.22%"
"10/12/2022","21.90","21.90","21.90","20.95","221.27K","-0.04%"
"10/11/2022","21.90","22.13","22.13","21.90","74.77K","0.00%"
"10/10/2022","21.90","22.27","22.27","21.90","917.51K","-0.82%"
"10/09/2022","22.09","21.94","22.28","21.90","6.28K","0.00%"
"10/05/2022","22.09","22.09","22.31","22.09","134.39K","0.00%"
"10/04/2022","22.09","21.90","22.18","21.90","698.46K","0.83%"
"10/03/2022","21.90","22.34","22.34","21.80","145.36K","0.48%"
"10/02/2022","21.80","22.26","22.26","21.34","1.16M","-2.14%"
"09/29/2022","22.28","21.90","22.38","21.90","558.76K","1.74%"
"09/28/2022","21.90","22.27","22.37","21.80","39.50K","-0.04%"
"09/27/2022","21.90","21.90","21.90","21.90","14.64K","-0.99%"
"09/26/2022","22.12","21.23","22.56","21.23","876.47K","4.22%"
"09/25/2022","21.23","20.57","21.30","20.47","88.81K","2.95%"
"09/22/2022","20.62","20.57","20.91","20.57","78.86K","0.23%"
"09/21/2022","20.57","20.47","20.85","20.28","180.08K","0.61%"
"09/20/2022","20.45","20.83","20.94","19.75","398.99K","0.61%"
"09/19/2022","20.32","20.75","20.75","19.32","491.94K","-0.51%"
"09/18/2022","20.43","21.57","21.57","20.32","2.66M","-1.33%"
"09/15/2022","20.71","21.87","21.87","20.71","807.44K","-4.98%"
"09/14/2022","21.79","22.00","22.00","21.23","3.83M","-2.60%"
"09/13/2022","22.37","22.38","22.40","22.28","384.73K","-2.08%"
"09/12/2022","22.85","22.47","22.85","22.09","910.92K","1.78%"
"09/11/2022","22.45","22.82","22.94","22.38","78.91K","-1.67%"
"09/08/2022","22.83","22.83","22.83","22.38","12.99K","0.00%"
"09/07/2022","22.83","22.85","22.85","22.44","12.76K","0.00%"
"09/06/2022","22.83","22.85","23.04","22.41","86.27K","1.22%"
"09/05/2022","22.55","23.17","23.17","22.51","2.39M","-1.41%"
"09/04/2022","22.88","22.85","23.17","22.75","177.34K","0.75%"
"09/01/2022","22.70","22.64","22.83","22.38","115.53K","-2.01%"
"08/31/2022","23.17","22.85","23.30","22.85","1.86K","0.00%"
"08/30/2022","23.17","22.04","23.17","22.04","37.73K","0.00%"
"08/29/2022","23.17","22.85","23.32","21.93","364.70K","1.42%"
"08/28/2022","22.85","22.12","22.85","22.11","68.65K","-0.33%"
"08/25/2022","22.92","22.83","23.08","22.23","195.31K","3.61%"
"08/24/2022","22.12","22.42","23.13","22.09","836.25K","-1.11%"
"08/23/2022","22.37","22.66","22.66","21.29","705.69K","-1.01%"
"08/22/2022","22.60","22.75","22.75","20.94","1.30M","0.00%"
"08/21/2022","22.60","22.85","22.85","22.47","150.27K","-1.08%"
"08/18/2022","22.85","22.94","23.10","22.57","437.80K","0.21%"
"08/17/2022","22.80","22.34","22.85","22.32","1.15M","1.87%"
"08/16/2022","22.38","22.13","22.59","22.13","145.66K","-0.38%"
"08/15/2022","22.47","22.72","22.72","21.70","22.03K","1.03%"
"08/14/2022","22.24","23.31","23.31","22.13","210.59K","-2.26%"
"08/11/2022","22.75","22.44","23.17","22.43","140.42K","0.04%"
"08/10/2022","22.74","22.84","22.85","22.66","8.34K","0.00%"
"08/09/2022","22.74","22.42","22.75","22.42","22.20K","-2.49%"
"08/08/2022","23.32","22.47","22.85","21.99","12.16K","0.00%"
"08/07/2022","23.32","23.09","23.34","22.86","1.14M","0.00%"
"08/04/2022","23.32","20.90","23.80","20.85","1.55M","11.46%"
"08/03/2022","20.92","20.88","20.94","20.48","72.55K","-1.87%"
"08/02/2022","21.32","20.66","20.66","20.57","4.37K","0.00%"
"08/01/2022","21.32","20.71","20.93","20.38","13.52K","0.00%"
"07/31/2022","21.32","20.56","20.94","20.49","1.54K","0.00%"
"07/28/2022","21.32","20.23","21.32","20.06","22.11K","4.23%"
"07/27/2022","20.46","20.18","20.46","20.18","435.32K","0.47%"
"07/26/2022","20.36","20.36","20.43","20.10","601.92K","1.13%"
"07/25/2022","20.13","20.32","20.33","20.09","28.80K","-0.70%"
"07/24/2022","20.28","20.02","20.45","20.02","39.06K","-0.88%"
"07/21/2022","20.46","20.44","20.94","20.28","391.65K","0.05%"
"07/20/2022","20.45","19.61","20.45","19.61","560.17K","0.05%"
"07/19/2022","20.44","19.51","21.42","19.42","1.32M","2.24%"
"07/18/2022","19.99","19.19","19.99","19.19","49.40K","3.65%"
"07/17/2022","19.29","19.09","19.52","19.04","48.96K","-1.17%"
"07/07/2022","19.52","19.51","19.52","19.09","361.15K","1.33%"
"07/06/2022","19.26","19.94","19.94","19.09","414.72K","-1.27%"
"07/05/2022","19.51","19.52","19.75","19.14","496.14K","-0.05%"
"07/04/2022","19.52","19.99","19.99","19.28","74.86K","-1.44%"
"07/03/2022","19.80","19.80","19.80","19.04","796.81K","0.00%"
"06/29/2022","19.80","19.52","19.80","19.52","80.15K","1.32%"
"06/28/2022","19.54","19.52","19.54","18.09","1.55M","-0.58%"
"06/27/2022","19.66","19.69","19.80","19.52","39.96K","-3.46%"
"06/26/2022","20.36","20.51","20.51","19.99","13.27K","0.00%"
"06/23/2022","20.36","20.47","20.65","20.00","246.68K","-1.66%"
"06/22/2022","20.71","20.80","20.80","20.25","216.12K","-0.59%"
"06/21/2022","20.83","21.60","21.68","20.61","794.70K","-1.26%"
"06/20/2022","21.10","21.17","21.42","20.99","211.05K","-0.85%"
"06/19/2022","21.28","21.19","21.70","21.17","139.90K","0.40%"
"06/16/2022","21.19","21.56","21.81","21.09","1.81M","-2.96%"
"06/15/2022","21.84","22.13","22.13","21.52","1.48M","-1.63%"
"06/14/2022","22.20","21.48","22.37","21.42","893.36K","2.15%"
"06/13/2022","21.73","21.90","21.99","21.42","218.56K","-1.17%"
"06/12/2022","21.99","22.37","22.37","21.93","102.57K","-2.65%"
"06/09/2022","22.59","22.38","22.66","22.28","187.55K","-0.25%"
"06/08/2022","22.65","22.74","22.75","22.30","133.91K","-0.04%"
"06/07/2022","22.66","22.18","22.66","21.90","374.08K","1.28%"
"06/06/2022","22.37","22.37","22.37","22.36","114.81K","-0.42%"
"06/05/2022","22.47","22.29","22.49","22.22","12.95K","0.00%"
"06/02/2022","22.47","22.56","22.59","22.28","335.45K","-1.26%"
"06/01/2022","22.75","22.10","22.75","21.96","250.49K","1.53%"
"05/31/2022","22.41","21.90","22.80","21.90","2.43M","2.39%"
"05/30/2022","21.89","21.89","22.23","21.60","1.01M","-0.04%"
"05/29/2022","21.90","21.90","21.90","21.90","82.84K","-1.29%"
"05/26/2022","22.18","21.90","22.25","21.54","486.89K","0.00%"
"05/25/2022","22.18","22.37","22.74","21.42","183.30K","-0.77%"
"05/24/2022","22.35","22.85","22.85","22.08","1.64M","-3.10%"
"05/23/2022","23.07","23.20","23.31","22.48","110.54K","1.30%"
"05/22/2022","22.77","23.23","23.41","22.70","13.45K","-1.97%"
"05/19/2022","23.23","22.13","24.28","21.75","1.71M","2.87%"
"05/18/2022","22.58","22.56","22.75","22.32","476.87K","0.30%"
"05/17/2022","22.51","22.36","23.61","22.36","223.32K","1.33%"
"05/16/2022","22.22","22.01","22.28","21.58","1.13M","0.86%"
"05/15/2022","22.03","22.37","22.37","21.90","153.99K","-1.53%"
"05/12/2022","22.37","22.84","22.85","21.90","375.01K","-1.14%"
"05/11/2022","22.63","22.23","22.86","22.19","459.44K","1.97%"
"05/10/2022","22.19","21.95","22.77","21.90","173.25K","-2.59%"
"05/09/2022","22.78","22.04","22.78","21.42","149.22K","1.83%"
"05/08/2022","22.37","20.96","22.85","20.96","106.78K","0.00%"
"04/28/2022","22.37","21.90","22.37","21.90","4.04M","1.34%"
"04/27/2022","22.08","22.12","22.17","21.57","240.21K","-0.60%"
"04/26/2022","22.21","20.48","22.56","20.48","267.18K","4.85%"
"04/21/2022","21.18","20.94","21.18","20.94","442.22K","0.00%"
"04/20/2022","21.18","20.51","21.35","20.51","215.64K","3.49%"
"04/19/2022","20.47","21.90","21.90","20.31","133.31K","-7.76%"
"04/18/2022","22.19","21.43","22.85","21.42","83.99K","3.05%"
"04/17/2022","21.53","20.47","23.80","20.47","188.40K","5.21%"
"04/14/2022","20.47","20.47","21.42","20.45","3.83M","-1.33%"
"04/13/2022","20.74","21.16","21.16","20.46","3.15M","0.65%"
"04/12/2022","20.61","20.37","21.79","20.37","419.94K","3.10%"
"04/11/2022","19.99","19.99","20.61","19.99","564.40K","-0.47%"
"04/10/2022","20.09","19.99","20.40","19.99","111.78K","0.19%"
"04/07/2022","20.05","20.28","20.80","19.81","665.96K","0.29%"
"04/06/2022","19.99","21.22","21.22","19.76","378.94K","-3.89%"
"04/05/2022","20.80","21.42","21.60","20.56","225.12K","-4.33%"
"04/04/2022","21.74","20.94","21.86","20.94","84.20K","-0.70%"
"04/03/2022","21.90","20.93","21.90","20.64","1.68M","4.59%"
"03/31/2022","20.93","21.09","21.09","20.37","1.82M","-4.39%"
"03/30/2022","21.90","21.90","21.90","21.09","92.28K","0.00%"
"03/29/2022","21.90","20.51","21.90","20.51","120.70K","3.23%"
"03/28/2022","21.21","21.66","22.46","20.94","236.01K","-3.38%"
"03/27/2022","21.95","22.75","22.75","21.90","22.77K","-0.47%"
"03/24/2022","22.06","21.90","22.56","21.32","270.90K","-0.17%"
"03/23/2022","22.10","21.51","22.85","21.51","1.20M","1.44%"
"03/22/2022","21.78","21.53","22.99","20.96","302.48K","-1.59%"
"03/21/2022","22.13","20.66","22.75","20.57","400.93K","8.54%"
"03/20/2022","20.39","20.45","20.49","20.28","104.24K","-0.05%"
"03/17/2022","20.40","20.47","20.47","20.02","2.11M","-0.65%"
"03/16/2022","20.53","19.99","20.73","19.99","21.58M","2.71%"
"03/15/2022","19.99","19.99","20.13","19.90","401.24K","-1.08%"
"03/14/2022","20.21","19.97","20.36","19.80","580.20K","1.29%"
"03/13/2022","19.95","19.97","20.20","19.71","531.48K","-0.19%"
"03/10/2022","19.99","19.61","19.99","19.32","1.54M","1.84%"
"03/09/2022","19.63","19.47","19.85","19.47","2.07M","1.13%"
"03/08/2022","19.41","19.52","19.52","18.85","1.96M","-2.39%"
"03/07/2022","19.89","19.80","19.90","19.42","473.36K","0.38%"
"03/06/2022","19.81","20.55","20.55","19.62","161.25K","-2.71%"
"03/03/2022","20.36","20.26","20.54","20.09","517.20K","1.86%"
"03/02/2022","19.99","20.28","20.35","19.90","614.28K","0.19%"
"03/01/2022","19.95","19.95","20.35","19.86","1.09K","0.00%"
"02/28/2022","19.95","20.13","20.13","19.80","600.96K","-2.01%"
"02/27/2022","20.36","20.36","20.36","20.36","29.79K","2.05%"
"02/24/2022","19.95","19.47","19.95","19.04","208.04K","-0.66%"
"02/23/2022","20.09","19.99","20.09","19.64","44.19K","0.57%"
"02/22/2022","19.97","19.67","19.99","19.48","334.82K","-0.10%"
"02/21/2022","19.99","19.99","19.99","19.52","69.82K","-2.10%"
"02/20/2022","20.42","19.96","20.37","19.96","6.26K","0.00%"
"02/17/2022","20.42","19.96","20.37","19.96","5.39K","0.00%"
"02/16/2022","20.42","20.32","20.36","19.96","3.12K","0.00%"
"02/15/2022","20.42","20.47","20.47","19.99","74.88K","0.14%"
"02/14/2022","20.39","20.21","20.53","19.80","99.79K","-0.83%"
"02/13/2022","20.56","20.37","20.56","19.52","45.90K","0.93%"
"02/10/2022","20.37","19.74","20.47","19.74","76.91K","0.14%"
"02/09/2022","20.34","19.71","20.38","19.71","1.12M","4.04%"
"02/08/2022","19.55","19.72","19.75","19.52","2.96M","-0.82%"
"02/07/2022","19.72","19.62","19.80","19.52","1.11M","0.49%"
"02/06/2022","19.62","19.90","19.96","19.52","29.63K","-0.43%"
"02/03/2022","19.71","19.71","19.86","19.71","373.10K","0.00%"
"02/02/2022","19.71","19.66","19.71","19.66","1.32M","0.49%"
"02/01/2022","19.61","19.61","19.65","19.52","144.25K","-1.20%"
"01/31/2022","19.85","19.52","19.99","19.52","582.70K","-0.71%"
"01/30/2022","19.99","19.43","19.92","19.43","1.74K","0.00%"
"01/26/2022","19.99","19.42","19.99","19.32","254.06K","2.44%"
"01/25/2022","19.52","19.09","19.88","19.09","375.04K","0.05%"
"01/24/2022","19.51","19.24","19.52","19.24","403.37K","0.00%"
"01/23/2022","19.51","19.75","19.75","19.23","136.36K","-2.29%"
"01/20/2022","19.96","19.52","19.96","19.52","1.26M","0.82%"
"01/19/2022","19.80","19.80","19.90","19.71","39.00K","-0.48%"
"01/18/2022","19.90","19.72","20.09","19.72","40.14K","-0.48%"
"01/17/2022","19.99","20.27","20.27","19.90","1.05M","-0.47%"
"01/16/2022","20.09","19.85","19.99","19.85","1.21K","0.00%"
"01/13/2022","20.09","19.98","20.55","19.80","484.19K","0.96%"
"01/12/2022","19.90","19.63","19.95","19.52","159.72K","-0.48%"
"01/11/2022","19.99","19.81","19.99","19.32","268.14K","0.05%"
"01/10/2022","19.98","19.85","19.98","19.32","118.94K","1.65%"
"01/09/2022","19.66","19.43","19.79","19.23","60.94K","0.00%"
"01/05/2022","19.66","19.62","20.55","19.54","1.38M","-2.32%"
"01/04/2022","20.12","19.03","20.56","19.03","585.33K","7.36%"
"01/03/2022","18.74","19.12","19.13","18.61","317.14K","0.31%"
"01/02/2022","18.69","18.72","19.31","18.58","96.09K","-0.10%"
"12/30/2021","18.71","19.04","19.25","18.71","1.43M","-1.16%"
"12/29/2021","18.93","19.04","19.41","18.60","236.29K","-2.93%"
"12/28/2021","19.50","19.04","19.99","19.02","867.90K","2.97%"
"12/27/2021","18.93","19.25","19.28","18.66","42.29K","-0.10%"
"12/26/2021","18.95","19.52","19.52","18.71","403.90K","0.56%"
"12/23/2021","18.85","19.23","19.52","18.69","160.51K","-2.22%"
"12/22/2021","19.28","19.33","19.88","18.57","538.06K","-2.22%"
"12/21/2021","19.72","19.95","19.95","19.95","0.02K","0.00%"
"12/20/2021","19.72","20.13","20.13","19.52","14.18K","0.00%"
"12/19/2021","19.72","20.28","20.28","19.52","25.10K","-3.36%"
"12/16/2021","20.40","20.23","20.73","19.99","424.34K","3.28%"
"12/15/2021","19.75","19.80","19.81","19.75","10.32K","0.00%"
"12/14/2021","19.75","19.75","19.75","19.74","5.36K","0.00%"
"12/13/2021","19.75","20.18","20.37","19.53","120.62K","-1.05%"
"12/12/2021","19.96","20.18","20.18","19.99","9.46K","0.00%"
"12/09/2021","19.96","19.98","19.99","19.85","17.75M","-0.14%"
"12/08/2021","19.99","19.52","19.99","19.52","334.75K","0.14%"
"12/07/2021","19.96","19.98","19.98","19.48","85.72K","-0.10%"
"12/06/2021","19.98","19.32","19.99","19.04","1.73M","2.39%"
"12/05/2021","19.52","19.65","19.90","19.37","8.78M","-0.73%"
"12/02/2021","19.66","19.79","19.80","19.52","88.46K","0.24%"
"12/01/2021","19.61","19.52","19.61","19.52","361.15K","0.05%"
"11/30/2021","19.60","19.90","19.90","19.41","2.37M","-1.95%"
"11/29/2021","19.99","19.99","19.99","19.85","65.00K","0.05%"
"11/28/2021","19.98","20.37","20.37","19.85","371.48K","-2.37%"
"11/25/2021","20.47","19.99","22.56","19.85","237.59K","2.87%"
"11/24/2021","19.90","19.86","19.99","19.71","543.73K","-0.48%"
"11/23/2021","19.99","20.41","20.41","19.66","464.51K","0.00%"
"11/22/2021","19.99","20.74","20.74","19.99","333.77K","-0.76%"
"11/21/2021","20.14","20.67","22.14","20.11","193.43K","0.05%"
"11/18/2021","20.13","20.01","20.46","20.00","303.26K","-1.63%"
"11/17/2021","20.47","20.37","20.47","19.99","614.65K","2.48%"
"11/16/2021","19.97","19.71","20.83","19.56","333.10K","-0.99%"
"11/15/2021","20.17","20.66","20.71","19.71","145.90K","-0.09%"
"11/14/2021","20.19","20.23","21.42","19.99","1.06M","2.02%"
"11/11/2021","19.79","19.99","20.28","19.61","173.96K","-0.48%"
"11/10/2021","19.89","20.09","20.18","19.61","488.56K","-0.33%"
"11/09/2021","19.95","19.97","19.99","19.66","920.51K","2.29%"
"11/08/2021","19.51","19.13","20.09","19.13","193.57K","-0.05%"
"11/07/2021","19.52","19.92","19.92","19.04","126.52K","1.49%"
"11/04/2021","19.23","19.09","19.51","19.09","803.58K","-1.46%"
"11/03/2021","19.52","19.80","19.99","18.66","829.92K","-2.43%"
"11/02/2021","20.00","20.10","20.47","19.99","436.57K","-2.28%"
"11/01/2021","20.47","20.66","20.66","19.99","764.05K","3.86%"
"10/31/2021","19.71","20.74","20.74","19.28","2.23M","-3.27%"
"10/28/2021","20.37","20.80","20.80","19.99","231.97K","1.13%"
"10/27/2021","20.14","20.92","20.94","19.81","100.94K","-3.02%"
"10/26/2021","20.77","20.47","21.22","19.99","1.21M","2.54%"
"10/25/2021","20.26","20.85","20.85","19.53","578.66K","-2.12%"
"10/24/2021","20.70","19.99","20.90","19.99","529.34K","4.02%"
"10/20/2021","19.90","20.28","20.28","19.75","634.54K","0.05%"
"10/19/2021","19.89","19.52","20.28","19.52","1.13M","3.47%"
"10/18/2021","19.22","19.52","20.18","19.09","753.39K","-1.13%"
"10/17/2021","19.44","19.04","20.09","18.90","2.33M","2.46%"
"10/14/2021","18.97","18.27","19.04","18.27","765.87K","4.78%"
"10/13/2021","18.11","18.32","18.33","17.80","5.07M","0.11%"
"10/12/2021","18.09","17.81","18.09","17.81","2.61M","0.05%"
"10/11/2021","18.08","18.05","18.10","17.90","1.80M","-0.05%"
"10/10/2021","18.09","17.32","18.37","17.32","4.80M","5.56%"
"10/06/2021","17.14","17.13","17.26","16.99","1.66M","0.61%"
"10/05/2021","17.03","17.29","17.29","16.72","1.07M","-0.06%"
"10/04/2021","17.04","16.94","17.04","16.94","443.67K","0.00%"
"10/03/2021","17.04","16.94","17.04","16.86","216.76K","-0.56%"
"09/30/2021","17.14","17.29","17.29","16.67","519.83K","-0.88%"
"09/29/2021","17.29","16.66","17.35","16.66","44.24K","0.89%"
"09/28/2021","17.14","17.32","17.33","16.94","157.26K","0.00%"
"09/27/2021","17.14","18.02","18.02","17.04","933.46K","-4.71%"
"09/26/2021","17.98","17.47","19.04","16.93","868.47K","5.24%"
"09/23/2021","17.09","17.12","17.31","16.90","325.92K","1.13%"
"09/22/2021","16.90","17.06","17.06","16.71","639.43K","1.31%"
"09/21/2021","16.68","17.84","17.84","16.56","649.31K","-2.12%"
"09/20/2021","17.04","17.85","17.85","16.42","441.74K","-0.50%"
"09/19/2021","17.13","20.99","20.99","16.66","1.30M","-59.71%"